scenario,strategy,repeat,success_rate,primary_success_rate,fallback_usage_rate,fallback_success_rate,fallback_accuracy,fallback_macro_f1,fallback_precision,fallback_recall,human_review_rate,p50,p95,p99,success_p95,scheduler_lag_p95,recovery_seconds,retry_count,rejected_count,circuit_open_seconds,requests_during_outage,primary_calls,estimated_cost_per_request
normal,A,0,1.0,1.0,0.0,0.0,,,,,0.0,0.031000000002677004,0.046999999991385,0.046999999991385,0.046999999991385,0.014333333362204001,,0,0,0.0,0,120,0.001
normal,B,0,1.0,1.0,0.0,0.0,,,,,0.0,0.030999999988125002,0.046999999991385,0.047000000020489006,0.046999999991385,0.014333333362204001,,0,0,0.0,0,120,0.001
normal,C,0,1.0,1.0,0.0,0.0,,,,,0.0,0.031000000017229003,0.046999999991385,0.046999999991385,0.046999999991385,0.014366666667725549,,0,0,0.0,0,120,0.001
normal,D,0,1.0,1.0,0.0,0.0,,,,,0.0,0.031000000017229003,0.046999999991385,0.046999999991385,0.046999999991385,0.013666666669693002,,0,0,0.0,0,120,0.001
normal,B,1,1.0,1.0,0.0,0.0,,,,,0.0,0.031000000017229003,0.047000000020489006,0.047000000020489006,0.047000000020489006,0.014333333362204001,,0,0,0.0,0,120,0.001
normal,C,1,1.0,1.0,0.0,0.0,,,,,0.0,0.031000000017229003,0.046999999991385,0.046999999991385,0.046999999991385,0.014333333333100001,,0,0,0.0,0,120,0.001
normal,D,1,1.0,1.0,0.0,0.0,,,,,0.0,0.030999999988125002,0.032000000006519,0.032000000006519,0.032000000006519,0.015333333351494002,,0,0,0.0,0,120,0.001
normal,A,1,1.0,1.0,0.0,0.0,,,,,0.0,0.031000000017229003,0.046999999991385,0.046999999991385,0.046999999991385,0.014333333333100001,,0,0,0.0,0,120,0.001
normal,C,2,1.0,1.0,0.0,0.0,,,,,0.0,0.030999999988125002,0.032000000006519,0.032000000006519,0.032000000006519,0.014333333362204001,,0,0,0.0,0,120,0.001
normal,D,2,1.0,1.0,0.0,0.0,,,,,0.0,0.031000000017229003,0.046999999991385,0.046999999991385,0.046999999991385,0.014333333333100001,,0,0,0.0,0,120,0.001
normal,A,2,1.0,1.0,0.0,0.0,,,,,0.0,0.031000000017229003,0.047000000020489006,0.047000000020489006,0.047000000020489006,0.014333333362204001,,0,0,0.0,0,120,0.001
normal,B,2,1.0,1.0,0.0,0.0,,,,,0.0,0.031000000017229003,0.046999999991385,0.046999999991385,0.046999999991385,0.013066666672626697,,0,0,0.0,0,120,0.001
normal,D,3,1.0,1.0,0.0,0.0,,,,,0.0,0.031000000017229003,0.0469999999928402,0.047000000020489006,0.0469999999928402,0.013666666669693002,,0,0,0.0,0,120,0.001
normal,A,3,1.0,1.0,0.0,0.0,,,,,0.0,0.031000000017229003,0.046999999991385,0.046999999991385,0.046999999991385,0.015333333351494002,,0,0,0.0,0,120,0.001
normal,B,3,1.0,1.0,0.0,0.0,,,,,0.0,0.031000000017229003,0.032000000006519,0.046999999991385,0.032000000006519,0.014333333333100001,,0,0,0.0,0,120,0.001
normal,C,3,1.0,1.0,0.0,0.0,,,,,0.0,0.030999999988125002,0.03270000000629776,0.047000000020489006,0.03270000000629776,0.015333333351494002,,0,0,0.0,0,120,0.001
normal,A,4,1.0,1.0,0.0,0.0,,,,,0.0,0.030999999988125002,0.03270000000629776,0.047000000020489006,0.03270000000629776,0.014333333362204001,,0,0,0.0,0,120,0.001
normal,B,4,1.0,1.0,0.0,0.0,,,,,0.0,0.031000000017229003,0.032000000006519,0.04700000001495924,0.032000000006519,0.014333333362204001,,0,0,0.0,0,120,0.001
normal,C,4,1.0,1.0,0.0,0.0,,,,,0.0,0.031000000017229003,0.047000000020489006,0.047000000020489006,0.047000000020489006,0.014333333333100001,,0,0,0.0,0,120,0.001
normal,D,4,1.0,1.0,0.0,0.0,,,,,0.0,0.031000000017229003,0.03275000000576226,0.047000000020489006,0.03275000000576226,0.014333333333100001,,0,0,0.0,0,120,0.001
outage,A,0,0.6416666666666667,0.6416666666666667,0.0,0.0,,,,,0.0,0.030999999988125002,0.032000000006519,0.032000000006519,0.032000000006519,0.015333333351494002,0.05000000001164118,0,0,0.0,43,120,0.001
outage,B,0,0.6916666666666667,0.6916666666666667,0.0,0.0,,,,,0.0,0.032000000006519,0.2339999999981952,0.25,0.10689999998721715,0.014333333362204001,0.03400000000838199,84,0,0.0,121,204,0.0017000000000000001
outage,C,0,0.44166666666666665,0.44166666666666665,0.0,0.0,,,,,0.0,0.015499999994062501,0.032000000006519,0.032000000006519,0.032000000006519,0.015333333351494002,0.8320000000181609,0,60,2.0,7,60,0.0005
outage,D,0,0.9083333333333333,0.44166666666666665,0.5583333333333333,0.4666666666666667,0.835820895522388,0.9073359073359074,1.0,0.8373015873015873,0.09166666666666666,0.015499999994062501,0.03275000000576226,0.046999999991385,0.032000000006519,0.015333333351494002,0.8320000000181609,0,60,2.0,7,60,0.0005
outage,B,1,0.675,0.675,0.0,0.0,,,,,0.0,0.032000000006519,0.21804999999439972,0.24714999999734574,0.032000000006519,0.01436666669537435,0.06500000002561102,82,0,0.0,121,202,0.0016833333333333333
outage,C,1,0.44166666666666665,0.44166666666666665,0.0,0.0,,,,,0.0,0.015499999994062501,0.032000000006519,0.032000000006519,0.032000000006519,0.014333333362204001,0.8310000000288711,0,60,2.0,7,60,0.0005
outage,D,1,0.9083333333333333,0.44166666666666665,0.5583333333333333,0.4666666666666667,0.835820895522388,0.9073359073359074,1.0,0.8373015873015873,0.09166666666666666,0.015499999994062501,0.0460500000015595,0.047000000020489006,0.046000000002095004,0.013750000003783047,0.8320000000181609,0,60,2.0,7,60,0.0005
outage,A,1,0.6416666666666667,0.6416666666666667,0.0,0.0,,,,,0.0,0.031000000017229003,0.046999999991385,0.046999999991385,0.046999999991385,0.013666666698797,0.05000000001164118,0,0,0.0,43,120,0.001
outage,C,2,0.44166666666666665,0.44166666666666665,0.0,0.0,,,,,0.0,0.007499999992433001,0.0469999999928402,0.047000000020489006,0.047000000020489006,0.015333333351494002,0.894000000023516,0,60,2.014999999984866,7,60,0.0005
outage,D,2,0.9083333333333333,0.44166666666666665,0.5583333333333333,0.4666666666666667,0.835820895522388,0.9073359073359074,1.0,0.8373015873015873,0.09166666666666666,0.015499999994062501,0.032000000006519,0.032000000006519,0.032000000006519,0.014333333333100001,0.8460000000137371,0,60,2.01500000001397,7,60,0.0005
outage,A,2,0.6416666666666667,0.6416666666666667,0.0,0.0,,,,,0.0,0.031000000017229003,0.046999999991385,0.047000000020489006,0.046999999991385,0.014333333333100001,0.05000000001164118,0,0,0.0,43,120,0.001
outage,B,2,0.6833333333333333,0.6833333333333333,0.0,0.0,,,,,0.0,0.032000000006519,0.21900000001187403,0.25,0.06125000000611175,0.014333333362204001,0.05000000001164118,81,0,0.0,119,201,0.001675
outage,D,3,0.9083333333333333,0.44166666666666665,0.5583333333333333,0.4666666666666667,0.835820895522388,0.9073359073359074,1.0,0.8373015873015873,0.09166666666666666,0.0079999999870775,0.032000000006519,0.032000000006519,0.032000000006519,0.014333333333100001,0.8460000000137371,0,60,2.01500000001397,7,60,0.0005
outage,A,3,0.6583333333333333,0.6583333333333333,0.0,0.0,,,,,0.0,0.031000000017229003,0.032000000006519,0.032000000006519,0.032000000006519,0.014999999996507002,0.03400000000838199,0,0,0.0,41,120,0.001
outage,B,3,0.6833333333333333,0.6833333333333333,0.0,0.0,,,,,0.0,0.032000000006519,0.21975000001111727,0.25,0.07644999998010384,0.014333333362204001,0.05000000001164118,84,0,0.0,122,204,0.0017000000000000001
outage,C,3,0.44166666666666665,0.44166666666666665,0.0,0.0,,,,,0.0,0.007499999992433001,0.046999999991385,0.046999999991385,0.046999999991385,0.014366666667725549,0.8620000000169963,0,60,2.01500000001397,7,60,0.0005
outage,A,4,0.6583333333333333,0.6583333333333333,0.0,0.0,,,,,0.0,0.031000000017229003,0.046999999991385,0.047000000020489006,0.046999999994295404,0.013750000031431845,0.06600000001490125,0,0,0.0,41,120,0.001
outage,B,4,0.6833333333333333,0.6833333333333333,0.0,0.0,,,,,0.0,0.032000000006519,0.21900000001187403,0.25,0.032000000006519,0.013033333340911548,0.03500000002677517,81,0,0.0,119,201,0.001675
outage,C,4,0.44166666666666665,0.44166666666666665,0.0,0.0,,,,,0.0,0.015499999994062501,0.032000000006519,0.032000000006519,0.032000000006519,0.014333333333100001,0.8470000000030269,0,60,2.0160000000032596,7,60,0.0005
outage,D,4,0.9083333333333333,0.44166666666666665,0.5583333333333333,0.4666666666666667,0.835820895522388,0.9073359073359074,1.0,0.8373015873015873,0.09166666666666666,0.015499999994062501,0.046999999991385,0.046999999991385,0.046999999991385,0.01436666669537435,0.8310000000288711,0,60,2.0,7,60,0.0005
latency,A,0,0.65,0.65,0.0,0.0,,,,,0.0,0.032000000006519,0.31205000000481947,0.312999999994644,0.046999999991385,0.015116666691416194,,0,0,0.0,0,120,0.001
latency,B,0,0.8166666666666667,0.8166666666666667,0.0,0.0,,,,,0.0,0.032000000006519,1.030999999988125,1.0721099999817671,0.719000000011874,0.014333333333100001,,75,0,0.0,0,195,0.0016250000000000001
latency,C,0,0.6333333333333333,0.6333333333333333,0.0,0.0,,,,,0.0,0.030999999988125002,0.31205000000481947,0.3251500000059597,0.046999999991385,0.01600000001490005,,0,30,1.0,0,90,0.00075
latency,D,0,0.9333333333333333,0.625,0.375,0.30833333333333335,0.8222222222222222,0.9010989010989011,1.0,0.8277777777777778,0.06666666666666667,0.030999999988125002,0.31200000000535505,0.312999999994644,0.31200000000535505,0.015000000025611,,0,30,1.014999999984866,0,90,0.00075
latency,B,1,0.8166666666666667,0.8166666666666667,0.0,0.0,,,,,0.0,0.032000000006519,1.0167500000025023,1.0441499999942605,0.7214000000079973,0.016666666678308,,75,0,0.0,0,195,0.0016250000000000001
latency,C,1,0.625,0.625,0.0,0.0,,,,,0.0,0.030999999988125002,0.31200000000535505,0.312999999994644,0.046999999991385,0.013750000003783047,,0,31,1.0160000000032596,0,89,0.0007416666666666666
latency,D,1,0.9416666666666667,0.625,0.375,0.31666666666666665,0.8444444444444444,0.9153439153439153,1.0,0.85,0.058333333333333334,0.030999999988125002,0.29699999999138504,0.30915000000823056,0.29699999999138504,0.015333333351494002,,0,31,1.0160000000032596,0,89,0.0007416666666666666
latency,A,1,0.65,0.65,0.0,0.0,,,,,0.0,0.032000000006519,0.312999999994644,0.312999999994644,0.047000000020489006,0.01436666669537435,,0,0,0.0,0,120,0.001
latency,C,2,0.6333333333333333,0.6333333333333333,0.0,0.0,,,,,0.0,0.030999999988125002,0.31200000000535505,0.312999999994644,0.032000000006519,0.015333333351494002,,0,30,1.0160000000032596,0,90,0.00075
latency,D,2,0.9416666666666667,0.625,0.375,0.31666666666666665,0.8444444444444444,0.9153439153439153,1.0,0.85,0.058333333333333334,0.030999999988125002,0.29699999999284027,0.31200000000535505,0.29699999999138504,0.015333333351494002,,0,31,1.0320000000065193,0,89,0.0007416666666666666
latency,A,2,0.65,0.65,0.0,0.0,,,,,0.0,0.032000000006519,0.31200000000535505,0.312999999994644,0.032000000006519,0.01603333334807135,,0,0,0.0,0,120,0.001
latency,B,2,0.825,0.825,0.0,0.0,,,,,0.0,0.032000000006519,1.0,1.0281500000145747,0.70299999997951,0.013666666669693002,,72,0,0.0,0,192,0.0016
latency,D,3,0.9333333333333333,0.6333333333333333,0.36666666666666664,0.3,0.8181818181818182,0.8968253968253969,1.0,0.8214285714285715,0.06666666666666667,0.030999999988125002,0.29699999999284027,0.312999999994644,0.29699999999138504,0.016000000014901,,0,30,1.0,0,90,0.00075
latency,A,3,0.65,0.65,0.0,0.0,,,,,0.0,0.032000000006519,0.312999999994644,0.312999999994644,0.032000000006519,0.014999999996507002,,0,0,0.0,0,120,0.001
latency,B,3,0.8333333333333334,0.8333333333333334,0.0,0.0,,,,,0.0,0.032000000006519,1.0,1.0591500000082306,0.7189999999827701,0.015000000025611,,70,0,0.0,0,190,0.0015833333333333333
latency,C,3,0.625,0.625,0.0,0.0,,,,,0.0,0.030999999988125002,0.29700000002048904,0.312999999994644,0.032000000006519,0.015333333351494002,,0,31,1.0320000000065193,0,89,0.0007416666666666666
latency,A,4,0.6583333333333333,0.6583333333333333,0.0,0.0,,,,,0.0,0.031000000017229003,0.312999999994644,0.312999999994644,0.032000000006519,0.016000000014901,,0,0,0.0,0,120,0.001
latency,B,4,0.8333333333333334,0.8333333333333334,0.0,0.0,,,,,0.0,0.032000000006519,1.0015499999994062,1.062000000005355,0.7357499999867285,0.015000000025611,,73,0,0.0,0,193,0.0016083333333333334
latency,C,4,0.625,0.625,0.0,0.0,,,,,0.0,0.030999999988125002,0.29699999999138504,0.30915000000823056,0.032000000006519,0.015333333351494002,,0,31,1.0320000000065193,0,89,0.0007416666666666666
latency,D,4,0.9416666666666667,0.625,0.375,0.31666666666666665,0.8444444444444444,0.9153439153439153,1.0,0.85,0.058333333333333334,0.030999999988125002,0.31200000000535505,0.312999999994644,0.31200000000535505,0.016000000014901,,0,30,1.014999999984866,0,90,0.00075
error10,A,0,0.875,0.875,0.0,0.0,,,,,0.0,0.031000000017229003,0.032000000006519,0.032000000006519,0.032000000006519,0.015000000025611,,0,0,0.0,0,120,0.001
error10,B,0,1.0,1.0,0.0,0.0,,,,,0.0,0.031000000017229003,0.09399999998277,0.125,0.09399999998277,0.014333333362204001,,17,0,0.0,0,137,0.0011416666666666667
error10,C,0,0.875,0.875,0.0,0.0,,,,,0.0,0.030999999988125002,0.046999999991385,0.047000000020489006,0.046999999991385,0.014333333362204001,,0,0,0.0,0,120,0.001
error10,D,0,0.975,0.875,0.125,0.1,0.8,0.8888888888888888,1.0,0.8333333333333334,0.025,0.031000000017229003,0.032000000006519,0.044149999994260496,0.032000000006519,0.014333333333100001,,0,0,0.0,0,120,0.001
error10,B,1,0.9916666666666667,0.9916666666666667,0.0,0.0,,,,,0.0,0.031000000017229003,0.094000000011874,0.11911000000225613,0.0939999999856804,0.014333333362204001,,16,0,0.0,0,136,0.0011333333333333334
error10,C,1,0.8833333333333333,0.8833333333333333,0.0,0.0,,,,,0.0,0.031000000017229003,0.0469999999928402,0.047000000020489006,0.046999999991385,0.013750000003783047,,0,0,0.0,0,120,0.001
error10,D,1,0.975,0.8833333333333333,0.11666666666666667,0.09166666666666666,0.7857142857142857,0.8888888888888888,1.0,0.8333333333333334,0.025,0.031000000017229003,0.032000000006519,0.032000000006519,0.032000000006519,0.014333333333100001,,0,0,0.0,0,120,0.001
error10,A,1,0.8833333333333333,0.8833333333333333,0.0,0.0,,,,,0.0,0.031000000017229003,0.032000000006519,0.032000000006519,0.032000000006519,0.014333333333100001,,0,0,0.0,0,120,0.001
error10,C,2,0.9,0.9,0.0,0.0,,,,,0.0,0.030999999988125002,0.032000000006519,0.032000000006519,0.032000000006519,0.014333333362204001,,0,0,0.0,0,120,0.001
error10,D,2,0.9833333333333333,0.9,0.1,0.08333333333333333,0.8333333333333334,0.8962962962962964,1.0,0.8222222222222223,0.016666666666666666,0.031000000017229003,0.03270000000629776,0.046999999991385,0.03410000000585528,0.014333333333100001,,0,0,0.0,0,120,0.001
error10,A,2,0.9,0.9,0.0,0.0,,,,,0.0,0.030999999988125002,0.032000000006519,0.032000000006519,0.032000000006519,0.0160000000149,,0,0,0.0,0,120,0.001
error10,B,2,1.0,1.0,0.0,0.0,,,,,0.0,0.031000000017229003,0.09399999998277,0.1069599999909404,0.09399999998277,0.014333333333100001,,13,0,0.0,0,133,0.0011083333333333333
error10,D,3,0.975,0.925,0.075,0.05,0.6666666666666666,0.85,1.0,0.7555555555555555,0.025,0.031000000017229003,0.047000000020489006,0.047000000020489006,0.047000000020489006,0.01303333333945635,,0,0,0.0,0,120,0.001
error10,A,3,0.925,0.925,0.0,0.0,,,,,0.0,0.030999999988125002,0.032000000006519,0.032000000006519,0.032000000006519,0.015333333351494002,,0,0,0.0,0,120,0.001
error10,B,3,1.0,1.0,0.0,0.0,,,,,0.0,0.031000000017229003,0.06299999999464401,0.09399999998277,0.06299999999464401,0.015000000025611,,9,0,0.0,0,129,0.001075
error10,C,3,0.925,0.925,0.0,0.0,,,,,0.0,0.031000000017229003,0.032000000006519,0.032000000006519,0.032000000006519,0.014333333333100001,,0,0,0.0,0,120,0.001
error10,A,4,0.9083333333333333,0.9083333333333333,0.0,0.0,,,,,0.0,0.031000000017229003,0.032000000006519,0.032000000006519,0.032000000006519,0.014333333333100001,,0,0,0.0,0,120,0.001
error10,B,4,1.0,1.0,0.0,0.0,,,,,0.0,0.031000000017229003,0.0930499999929445,0.12195999999938063,0.0930499999929445,0.013666666669693002,,12,0,0.0,0,132,0.0011
error10,C,4,0.9083333333333333,0.9083333333333333,0.0,0.0,,,,,0.0,0.030999999988125002,0.032000000006519,0.032000000006519,0.032000000006519,0.014333333362204001,,0,0,0.0,0,120,0.001
error10,D,4,0.975,0.9083333333333333,0.09166666666666666,0.06666666666666667,0.7272727272727273,0.8690476190476191,1.0,0.7833333333333333,0.025,0.031000000017229003,0.046999999991385,0.047000000020489006,0.046999999991385,0.014333333362204001,,0,0,0.0,0,120,0.001
error30,A,0,0.6416666666666667,0.6416666666666667,0.0,0.0,,,,,0.0,0.030999999988125002,0.032000000006519,0.032000000006519,0.032000000006519,0.013666666698797,,0,0,0.0,0,120,0.001
error30,B,0,0.9666666666666667,0.9666666666666667,0.0,0.0,,,,,0.0,0.032000000006519,0.1559999999895802,0.1878099999966791,0.125,0.013666666669693002,,54,0,0.0,0,174,0.0014500000000000001
error30,C,0,0.18333333333333332,0.18333333333333332,0.0,0.0,,,,,0.0,0.0,0.032000000006519,0.032000000006519,0.032000000006519,0.015999999985797,,0,84,2.8280000000086147,0,36,0.00030000000000000003
error30,D,0,0.8666666666666667,0.18333333333333332,0.8166666666666667,0.6833333333333333,0.8367346938775511,0.9029982363315696,1.0,0.8306451612903226,0.13333333333333333,0.0,0.032000000006519,0.04415000001783474,0.032000000006519,0.0160000000149,,0,84,2.8280000000086147,0,36,0.00030000000000000003
error30,B,1,0.9583333333333334,0.9583333333333334,0.0,0.0,,,,,0.0,0.031000000017229003,0.17274999999208349,0.203000000008614,0.125,0.0160000000149,,49,0,0.0,0,169,0.0014083333333333335
error30,C,1,0.5666666666666667,0.5666666666666667,0.0,0.0,,,,,0.0,0.030999999988125002,0.032000000006519,0.032000000006519,0.032000000006519,0.013666666669693002,,0,30,1.0,0,90,0.00075
error30,D,1,0.8916666666666667,0.5666666666666667,0.43333333333333335,0.325,0.75,0.8549382716049383,1.0,0.7625000000000001,0.10833333333333334,0.030999999988125002,0.03275000000576226,0.046999999991385,0.032000000006519,0.014333333333100001,,0,30,1.0160000000032596,0,90,0.00075
error30,A,1,0.725,0.725,0.0,0.0,,,,,0.0,0.031000000017229003,0.047000000020489006,0.047000000020489006,0.047000000020489006,0.014333333333100001,,0,0,0.0,0,120,0.001
error30,C,2,0.325,0.325,0.0,0.0,,,,,0.0,0.0075000000069845,0.032000000006519,0.032000000006519,0.032000000006519,0.014333333333100001,,0,60,2.0310000000172295,0,60,0.0005
error30,D,2,0.8833333333333333,0.325,0.675,0.5583333333333333,0.8271604938271605,0.9033121916842847,1.0,0.8313978494623656,0.11666666666666667,0.015499999994062501,0.032000000006519,0.032000000006519,0.032000000006519,0.014999999996507002,,0,60,2.0160000000032596,0,60,0.0005
error30,A,2,0.7,0.7,0.0,0.0,,,,,0.0,0.030999999988125002,0.032000000006519,0.032000000006519,0.032000000006519,0.014333333362204001,,0,0,0.0,0,120,0.001
error30,B,2,0.9833333333333333,0.9833333333333333,0.0,0.0,,,,,0.0,0.032000000006519,0.15600000001722902,0.1878099999966791,0.14325000000098878,0.014333333362204001,,46,0,0.0,0,166,0.0013833333333333334
error30,D,3,0.8333333333333334,0.18333333333333332,0.8166666666666667,0.65,0.7959183673469388,0.8784261715296199,1.0,0.7944339025932954,0.16666666666666666,0.0,0.046999999991385,0.046999999991385,0.046999999991385,0.014416666694838797,,0,84,2.860000000015134,0,36,0.00030000000000000003
error30,A,3,0.6583333333333333,0.6583333333333333,0.0,0.0,,,,,0.0,0.031000000017229003,0.0469999999928402,0.047000000020489006,0.046999999991385,0.013666666669693002,,0,0,0.0,0,120,0.001
error30,B,3,0.9666666666666667,0.9666666666666667,0.0,0.0,,,,,0.0,0.032000000006519,0.203000000008614,0.21900000001187403,0.19099999999889378,0.01303333333945635,,58,0,0.0,0,178,0.0014833333333333332
error30,C,3,0.18333333333333332,0.18333333333333332,0.0,0.0,,,,,0.0,0.0,0.032000000006519,0.032000000006519,0.032000000006519,0.0160000000149,,0,84,2.8439999999827705,0,36,0.00030000000000000003
error30,A,4,0.7,0.7,0.0,0.0,,,,,0.0,0.031000000017229003,0.047000000020489006,0.047000000020489006,0.047000000020489006,0.014333333333100001,,0,0,0.0,0,120,0.001
error30,B,4,0.9833333333333333,0.9833333333333333,0.0,0.0,,,,,0.0,0.032000000006519,0.14100000000325902,0.2001499999823855,0.1274000000004887,0.014333333362204001,,45,0,0.0,0,165,0.0013750000000000001
error30,C,4,0.35833333333333334,0.35833333333333334,0.0,0.0,,,,,0.0,0.0075000000069845,0.0469999999928402,0.047000000020489006,0.047000000020489006,0.014333333333100001,,0,60,2.014999999984866,0,60,0.0005
error30,D,4,0.8833333333333333,0.35833333333333334,0.6416666666666667,0.525,0.8181818181818182,0.896574440052701,1.0,0.8212345679012346,0.11666666666666667,0.015499999994062501,0.03275000000576226,0.046999999991385,0.0432499999951685,0.014416666694838797,,0,60,2.0160000000032596,0,60,0.0005
error50,A,0,0.475,0.475,0.0,0.0,,,,,0.0,0.031000000017229003,0.047000000020489006,0.047000000020489006,0.047000000020489006,0.01370000000286335,,0,0,0.0,0,120,0.001
error50,B,0,0.8916666666666667,0.8916666666666667,0.0,0.0,,,,,0.0,0.06299999999464401,0.18874999999534248,0.24411000000225613,0.17199999999138502,0.014333333333100001,,89,0,0.0,0,209,0.0017416666666666665
error50,C,0,0.058333333333333334,0.058333333333333334,0.0,0.0,,,,,0.0,0.0,0.0310500000166935,0.044149999994260496,0.031700000009732,0.0160000000149,,0,99,3.3440000000118744,0,21,0.000175
error50,D,0,0.85,0.058333333333333334,0.9416666666666667,0.7916666666666666,0.8407079646017699,0.9105763517528224,1.0,0.8424578424578425,0.15,0.0,0.032000000006519,0.04681000001699415,0.032000000006519,0.014999999996507002,,0,99,3.312999999994645,0,21,0.000175
error50,B,1,0.8083333333333333,0.8083333333333333,0.0,0.0,,,,,0.0,0.06200000000535501,0.187999999994644,0.21900000001187403,0.1872000000032128,0.014333333362204001,,102,0,0.0,0,222,0.00185
error50,C,1,0.041666666666666664,0.041666666666666664,0.0,0.0,,,,,0.0,0.0,0.031000000017229003,0.032000000006519,0.031800000008661004,0.014333333362204001,,0,104,3.485000000015134,0,16,0.00013333333333333334
error50,D,1,0.8333333333333334,0.03333333333333333,0.9666666666666667,0.8,0.8275862068965517,0.8986175115207374,1.0,0.8240740740740741,0.16666666666666666,0.0,0.032000000006519,0.04700000001495924,0.032000000006519,0.014333333362204001,,0,105,3.500000000029104,0,15,0.000125
error50,A,1,0.475,0.475,0.0,0.0,,,,,0.0,0.031000000017229003,0.047000000020489006,0.047000000020489006,0.046999999997205805,0.014333333333100001,,0,0,0.0,0,120,0.001
error50,C,2,0.03333333333333333,0.03333333333333333,0.0,0.0,,,,,0.0,0.0,0.0310500000166935,0.046999999991385,0.044599999990896,0.016666666678308,,0,105,3.5,0,15,0.000125
error50,D,2,0.8333333333333334,0.03333333333333333,0.9666666666666667,0.8,0.8275862068965517,0.9018759018759019,1.0,0.8289473684210527,0.16666666666666666,0.0,0.032000000006519,0.04700000001495924,0.032000000006519,0.014999999996507002,,0,105,3.5309999999881256,0,15,0.000125
error50,A,2,0.4083333333333333,0.4083333333333333,0.0,0.0,,,,,0.0,0.031000000017229003,0.046999999991385,0.047000000020489006,0.0470000000088474,0.014333333333100001,,0,0,0.0,0,120,0.001
error50,B,2,0.8166666666666667,0.8166666666666667,0.0,0.0,,,,,0.0,0.06299999999464401,0.18874999999534248,0.21900000000634426,0.18700000000535502,0.012750000013037846,,104,0,0.0,0,224,0.0018666666666666666
error50,D,3,0.8416666666666667,0.14166666666666666,0.8583333333333333,0.7,0.8155339805825242,0.8916812780050652,1.0,0.8137254901960785,0.15833333333333333,0.0,0.0460500000015595,0.047000000020489006,0.046000000002095004,0.015000000025611,,0,87,2.9060000000172295,0,33,0.000275
error50,A,3,0.49166666666666664,0.49166666666666664,0.0,0.0,,,,,0.0,0.030999999988125002,0.032000000006519,0.032000000006519,0.032000000006519,0.013666666698797,,0,0,0.0,0,120,0.001
error50,B,3,0.8666666666666667,0.8666666666666667,0.0,0.0,,,,,0.0,0.06200000000535501,0.21899999998277,0.21900000001187403,0.18700000000535502,0.014333333333100001,,96,0,0.0,0,216,0.0018
error50,C,3,0.14166666666666666,0.14166666666666666,0.0,0.0,,,,,0.0,0.0,0.032000000006519,0.044149999994260496,0.032000000006519,0.014333333362204001,,0,88,2.9380000000237487,0,32,0.0002666666666666667
error50,A,4,0.475,0.475,0.0,0.0,,,,,0.0,0.031000000017229003,0.047000000020489006,0.047000000020489006,0.047000000020489006,0.012750000013037846,,0,0,0.0,0,120,0.001
error50,B,4,0.8833333333333333,0.8833333333333333,0.0,0.0,,,,,0.0,0.06200000000535501,0.2046999999976828,0.21899999998277,0.18325000000913852,0.014333333333100001,,96,0,0.0,0,216,0.0018
error50,C,4,0.11666666666666667,0.11666666666666667,0.0,0.0,,,,,0.0,0.0,0.0460500000015595,0.046999999991385,0.046349999998346506,0.015083333358245845,,0,91,3.077999999979511,0,29,0.00024166666666666667
error50,D,4,0.85,0.09166666666666666,0.9083333333333333,0.7583333333333333,0.8348623853211009,0.9062271062271062,1.0,0.8355855855855857,0.15,0.0,0.032000000006519,0.046999999991385,0.03195000000705449,0.014333333362204001,,0,98,3.2969999999913853,0,22,0.00018333333333333334
rate_limit,A,0,0.9,0.9,0.0,0.0,,,,,0.0,0.031000000017229003,0.0469999999928402,0.047000000020489006,0.046999999991385,0.014333333333100001,,0,0,0.0,0,120,0.001
rate_limit,B,0,1.0,1.0,0.0,0.0,,,,,0.0,0.031000000017229003,1.062999999994645,1.9040000000118762,1.062999999994645,0.01370000000286335,,16,0,0.0,0,136,0.0011333333333333334
rate_limit,C,0,0.6583333333333333,0.6583333333333333,0.0,0.0,,,,,0.0,0.030999999988125002,0.032000000006519,0.046999999991385,0.03350000000500552,0.014333333333100001,,0,30,1.0150000000139698,0,90,0.00075
rate_limit,D,0,0.9416666666666667,0.6583333333333333,0.3416666666666667,0.2833333333333333,0.8292682926829268,0.9009661835748792,1.0,0.8278388278388279,0.058333333333333334,0.030999999988125002,0.047000000020489006,0.047000000020489006,0.047000000020489006,0.013666666669693002,,0,30,1.0,0,90,0.00075
rate_limit,B,1,1.0,1.0,0.0,0.0,,,,,0.0,0.031000000017229003,1.062999999994645,2.093810000008379,1.062999999994645,0.015000000025611,,20,0,0.0,0,140,0.0011666666666666668
rate_limit,C,1,0.425,0.425,0.0,0.0,,,,,0.0,0.0,0.046999999991385,0.047000000020489006,0.039000000004307006,0.015999999985797,,0,62,2.030999999959022,0,58,0.00048333333333333334
rate_limit,D,1,0.9416666666666667,0.7,0.3,0.24166666666666667,0.8055555555555556,0.8805704099821746,1.0,0.7974358974358974,0.058333333333333334,0.030999999988125002,0.032000000006519,0.046999999991385,0.032000000006519,0.014333333333100001,,0,30,1.0160000000032596,0,90,0.00075
rate_limit,A,1,0.8583333333333333,0.8583333333333333,0.0,0.0,,,,,0.0,0.031000000017229003,0.0460500000015595,0.047000000020489006,0.032000000006519,0.014333333333100001,,0,0,0.0,0,120,0.001
rate_limit,C,2,0.7,0.7,0.0,0.0,,,,,0.0,0.030999999988125002,0.047000000020489006,0.047000000020489006,0.047000000020489006,0.013666666669693002,,0,30,1.0,0,90,0.00075
rate_limit,D,2,0.9583333333333334,0.7,0.3,0.25833333333333336,0.8611111111111112,0.9133986928104575,1.0,0.8487179487179487,0.041666666666666664,0.030999999988125002,0.032000000006519,0.032000000006519,0.032000000006519,0.015000000025611,,0,30,1.0,0,90,0.00075
rate_limit,A,2,0.9,0.9,0.0,0.0,,,,,0.0,0.031000000017229003,0.032000000006519,0.032000000006519,0.032000000006519,0.014333333333100001,,0,0,0.0,0,120,0.001
rate_limit,B,2,1.0,1.0,0.0,0.0,,,,,0.0,0.031000000017229003,1.062999999994645,2.10899999999674,1.062999999994645,0.015000000025611,,15,0,0.0,0,135,0.0011250000000000001
rate_limit,D,3,0.9166666666666666,0.6166666666666667,0.38333333333333336,0.3,0.782608695652174,0.8717948717948718,1.0,0.7861111111111111,0.08333333333333333,0.030999999988125002,0.032000000006519,0.04681000001699415,0.032000000006519,0.014333333362204001,,0,30,1.0159999999741558,0,90,0.00075
rate_limit,A,3,0.875,0.875,0.0,0.0,,,,,0.0,0.031000000002677004,0.032000000006519,0.04681000001699415,0.032000000006519,0.014333333362204001,,0,0,0.0,0,120,0.001
rate_limit,B,3,1.0,1.0,0.0,0.0,,,,,0.0,0.031000000017229003,1.062999999994645,1.062999999994645,1.062999999994645,0.0160000000149,,16,0,0.0,0,136,0.0011333333333333334
rate_limit,C,3,0.6166666666666667,0.6166666666666667,0.0,0.0,,,,,0.0,0.030999999988125002,0.032000000006519,0.04680999999341991,0.032000000006519,0.01436666666627035,,0,30,1.0,0,90,0.00075
rate_limit,A,4,0.8666666666666667,0.8666666666666667,0.0,0.0,,,,,0.0,0.031000000017229003,0.046999999991385,0.046999999991385,0.046999999991385,0.013666666698797,,0,0,0.0,0,120,0.001
rate_limit,B,4,1.0,1.0,0.0,0.0,,,,,0.0,0.031000000017229003,1.0780500000080786,1.094000000011874,1.0780500000080786,0.014416666694838797,,16,0,0.0,0,136,0.0011333333333333334
rate_limit,C,4,0.65,0.65,0.0,0.0,,,,,0.0,0.030999999988125002,0.032000000006519,0.032000000006519,0.032000000006519,0.014333333333100001,,0,30,1.0,0,90,0.00075
rate_limit,D,4,0.9416666666666667,0.65,0.35,0.2916666666666667,0.8333333333333334,0.9044444444444445,1.0,0.8333333333333334,0.058333333333333334,0.030999999988125002,0.0460500000015595,0.047000000020489006,0.046399999997811,0.015333333351494002,,0,30,1.0,0,90,0.00075
malformed,A,0,0.8833333333333333,0.8833333333333333,0.0,0.0,,,,,0.0,0.031000000017229003,0.032000000006519,0.032000000006519,0.032000000006519,0.014333333333100001,,0,0,0.0,0,120,0.001
malformed,B,0,0.8833333333333333,0.8833333333333333,0.0,0.0,,,,,0.0,0.031000000017229003,0.032000000006519,0.032000000006519,0.032000000006519,0.014333333333100001,,0,0,0.0,0,120,0.001
malformed,C,0,0.6666666666666666,0.6666666666666666,0.0,0.0,,,,,0.0,0.030999999988125002,0.0469999999928402,0.047000000020489006,0.047000000020489006,0.013666666669693002,,0,30,1.0,0,90,0.00075
malformed,D,0,0.95,0.6666666666666666,0.3333333333333333,0.2833333333333333,0.85,0.9153439153439153,1.0,0.85,0.05,0.030999999988125002,0.032000000006519,0.032000000006519,0.032000000006519,0.013666666698797,,0,30,1.0,0,90,0.00075
malformed,B,1,0.8583333333333333,0.8583333333333333,0.0,0.0,,,,,0.0,0.031000000017229003,0.032000000006519,0.046999999991385,0.032000000006519,0.014333333333100001,,0,0,0.0,0,120,0.001
malformed,C,1,0.7,0.7,0.0,0.0,,,,,0.0,0.030999999988125002,0.032000000006519,0.032000000006519,0.032000000006519,0.014333333362204001,,0,30,1.0150000000139698,0,90,0.00075
malformed,D,1,0.9416666666666667,0.7,0.3,0.24166666666666667,0.8055555555555556,0.8805704099821746,1.0,0.7974358974358974,0.058333333333333334,0.030999999988125002,0.032000000006519,0.04681000001699415,0.032000000006519,0.014333333333100001,,0,30,1.0150000000139698,0,90,0.00075
malformed,A,1,0.8583333333333333,0.8583333333333333,0.0,0.0,,,,,0.0,0.031000000017229003,0.046999999991385,0.047000000020489006,0.046899999992456,0.014333333362204001,,0,0,0.0,0,120,0.001
malformed,C,2,0.7,0.7,0.0,0.0,,,,,0.0,0.030999999988125002,0.047000000020489006,0.047000000020489006,0.047000000020489006,0.01436666669537435,,0,30,1.0,0,90,0.00075
malformed,D,2,0.9583333333333334,0.7,0.3,0.25833333333333336,0.8611111111111112,0.9133986928104575,1.0,0.8487179487179487,0.041666666666666664,0.030999999988125002,0.046999999991385,0.046999999991385,0.046999999991385,0.014333333362204001,,0,30,1.0,0,90,0.00075
malformed,A,2,0.9083333333333333,0.9083333333333333,0.0,0.0,,,,,0.0,0.031000000017229003,0.047000000020489006,0.047000000020489006,0.047000000020489006,0.014333333362204001,,0,0,0.0,0,120,0.001
malformed,B,2,0.9083333333333333,0.9083333333333333,0.0,0.0,,,,,0.0,0.031000000017229003,0.046999999991385,0.046999999991385,0.046999999991385,0.0160000000149,,0,0,0.0,0,120,0.001
malformed,D,3,0.9166666666666666,0.625,0.375,0.2916666666666667,0.7777777777777778,0.8717948717948718,1.0,0.7861111111111111,0.08333333333333333,0.030999999988125002,0.032000000006519,0.04700000001495924,0.032000000006519,0.015000000025611,,0,30,1.0,0,90,0.00075
malformed,A,3,0.8666666666666667,0.8666666666666667,0.0,0.0,,,,,0.0,0.030999999988125002,0.032000000006519,0.032000000006519,0.032000000006519,0.014333333362204001,,0,0,0.0,0,120,0.001
malformed,B,3,0.8666666666666667,0.8666666666666667,0.0,0.0,,,,,0.0,0.031000000017229003,0.046999999991385,0.046999999991385,0.04474999999365502,0.014333333333100001,,0,0,0.0,0,120,0.001
malformed,C,3,0.6166666666666667,0.6166666666666667,0.0,0.0,,,,,0.0,0.030999999988125002,0.032000000006519,0.032000000006519,0.032000000006519,0.014333333362204001,,0,30,1.0159999999741558,0,90,0.00075
malformed,A,4,0.8583333333333333,0.8583333333333333,0.0,0.0,,,,,0.0,0.031000000017229003,0.047000000020489006,0.047000000020489006,0.047000000020489006,0.014333333333100001,,0,0,0.0,0,120,0.001
malformed,B,4,0.8583333333333333,0.8583333333333333,0.0,0.0,,,,,0.0,0.031000000017229003,0.046999999991385,0.04700000001495924,0.046999999991385,0.014333333362204001,,0,0,0.0,0,120,0.001
malformed,C,4,0.6583333333333333,0.6583333333333333,0.0,0.0,,,,,0.0,0.030999999988125002,0.032000000006519,0.032000000006519,0.032000000006519,0.013666666669693002,,0,30,1.0150000000139698,0,90,0.00075
malformed,D,4,0.9416666666666667,0.65,0.35,0.2916666666666667,0.8333333333333334,0.9044444444444445,1.0,0.8333333333333334,0.058333333333333334,0.030999999988125002,0.032000000006519,0.032000000006519,0.032000000006519,0.014333333362204001,,0,30,1.0,0,90,0.00075
empty,A,0,0.8916666666666667,0.8916666666666667,0.0,0.0,,,,,0.0,0.031000000017229003,0.046999999991385,0.046999999991385,0.046999999991385,0.0160000000149,,0,0,0.0,0,120,0.001
empty,B,0,0.8833333333333333,0.8833333333333333,0.0,0.0,,,,,0.0,0.031000000017229003,0.047000000020489006,0.047000000020489006,0.04700000001321301,0.014333333362204001,,0,0,0.0,0,120,0.001
empty,C,0,0.6583333333333333,0.6583333333333333,0.0,0.0,,,,,0.0,0.030999999988125002,0.046999999991385,0.046999999991385,0.046999999991385,0.013750000031431845,,0,30,1.0,0,90,0.00075
empty,D,0,0.95,0.6583333333333333,0.3416666666666667,0.2916666666666667,0.8536585365853658,0.9153439153439153,1.0,0.85,0.05,0.030999999988125002,0.046999999991385,0.047000000020489006,0.046999999991385,0.014333333333100001,,0,30,1.014999999984866,0,90,0.00075
empty,B,1,0.8583333333333333,0.8583333333333333,0.0,0.0,,,,,0.0,0.031000000017229003,0.046999999991385,0.046999999991385,0.046999999991385,0.013033333340911548,,0,0,0.0,0,120,0.001
empty,C,1,0.7,0.7,0.0,0.0,,,,,0.0,0.030999999988125002,0.046999999991385,0.047000000020489006,0.04700000001612341,0.014333333362204001,,0,30,1.0150000000139698,0,90,0.00075
empty,D,1,0.9416666666666667,0.7,0.3,0.24166666666666667,0.8055555555555556,0.8805704099821746,1.0,0.7974358974358974,0.058333333333333334,0.030999999988125002,0.032000000006519,0.046999999991385,0.032000000006519,0.013666666669693002,,0,30,1.0160000000032596,0,90,0.00075
empty,A,1,0.8583333333333333,0.8583333333333333,0.0,0.0,,,,,0.0,0.031000000017229003,0.046999999991385,0.046999999991385,0.046999999991385,0.013666666698797,,0,0,0.0,0,120,0.001
empty,C,2,0.7,0.7,0.0,0.0,,,,,0.0,0.030999999988125002,0.046000000002095004,0.047000000020489006,0.043900000002758524,0.01436666666627035,,0,30,1.014999999984866,0,90,0.00075
empty,D,2,0.9583333333333334,0.7,0.3,0.25833333333333336,0.8611111111111112,0.9133986928104575,1.0,0.8487179487179487,0.041666666666666664,0.030999999988125002,0.046999999991385,0.046999999991385,0.046999999991385,0.01436666669537435,,0,31,1.0150000000139698,0,89,0.0007416666666666666
empty,A,2,0.9,0.9,0.0,0.0,,,,,0.0,0.031000000017229003,0.046999999991385,0.046999999991385,0.046999999991385,0.013666666698797,,0,0,0.0,0,120,0.001
empty,B,2,0.9083333333333333,0.9083333333333333,0.0,0.0,,,,,0.0,0.031000000017229003,0.0469999999928402,0.047000000020489006,0.0470000000088474,0.013666666669693002,,0,0,0.0,0,120,0.001
empty,D,3,0.9166666666666666,0.6166666666666667,0.38333333333333336,0.3,0.782608695652174,0.8717948717948718,1.0,0.7861111111111111,0.08333333333333333,0.030999999988125002,0.046999999991385,0.04700000001495924,0.046999999991385,0.014333333362204001,,0,30,1.0,0,90,0.00075
empty,A,3,0.875,0.875,0.0,0.0,,,,,0.0,0.031000000017229003,0.046999999991385,0.047000000020489006,0.046999999991385,0.015000000025611,,0,0,0.0,0,120,0.001
empty,B,3,0.875,0.875,0.0,0.0,,,,,0.0,0.030999999988125002,0.032000000006519,0.032000000006519,0.032000000006519,0.0160000000149,,0,0,0.0,0,120,0.001
empty,C,3,0.6083333333333333,0.6083333333333333,0.0,0.0,,,,,0.0,0.030999999988125002,0.047000000020489006,0.047000000020489006,0.047000000020489006,0.014999999996507002,,0,31,1.0159999999741558,0,89,0.0007416666666666666
empty,A,4,0.8583333333333333,0.8583333333333333,0.0,0.0,,,,,0.0,0.031000000002677004,0.032000000006519,0.032000000006519,0.032000000006519,0.014333333333100001,,0,0,0.0,0,120,0.001
empty,B,4,0.8666666666666667,0.8666666666666667,0.0,0.0,,,,,0.0,0.031000000017229003,0.03275000000576226,0.047000000020489006,0.04474999999365502,0.015000000025611,,0,0,0.0,0,120,0.001
empty,C,4,0.65,0.65,0.0,0.0,,,,,0.0,0.030999999988125002,0.032000000006519,0.044149999994260496,0.032000000006519,0.014333333362204001,,0,30,1.0160000000032596,0,90,0.00075
empty,D,4,0.9416666666666667,0.65,0.35,0.2916666666666667,0.8333333333333334,0.9044444444444445,1.0,0.8333333333333334,0.058333333333333334,0.030999999988125002,0.046999999991385,0.047000000020489006,0.046999999991385,0.014333333333100001,,0,30,1.0,0,90,0.00075
irrelevant,A,0,0.8833333333333333,0.8833333333333333,0.0,0.0,,,,,0.0,0.031000000017229003,0.046999999991385,0.046999999991385,0.046999999991385,0.015333333351494002,,0,0,0.0,0,120,0.001
irrelevant,B,0,0.8833333333333333,0.8833333333333333,0.0,0.0,,,,,0.0,0.031000000017229003,0.046999999991385,0.047000000020489006,0.046999999991385,0.015333333351494002,,0,0,0.0,0,120,0.001
irrelevant,C,0,0.65,0.65,0.0,0.0,,,,,0.0,0.030999999988125002,0.032000000006519,0.046999999991385,0.032000000006519,0.014333333362204001,,0,31,1.0150000000139698,0,89,0.0007416666666666666
irrelevant,D,0,0.95,0.6583333333333333,0.3416666666666667,0.2916666666666667,0.8536585365853658,0.9153439153439153,1.0,0.85,0.05,0.030999999988125002,0.046999999991385,0.046999999991385,0.046999999991385,0.014333333333100001,,0,30,1.014999999984866,0,90,0.00075
irrelevant,B,1,0.8583333333333333,0.8583333333333333,0.0,0.0,,,,,0.0,0.031000000017229003,0.032000000006519,0.044149999994260496,0.032000000006519,0.014333333333100001,,0,0,0.0,0,120,0.001
irrelevant,C,1,0.7,0.7,0.0,0.0,,,,,0.0,0.030999999988125002,0.046000000002095004,0.04700000001495924,0.032000000006519,0.014333333362204001,,0,31,1.014999999984866,0,89,0.0007416666666666666
irrelevant,D,1,0.9416666666666667,0.7,0.3,0.24166666666666667,0.8055555555555556,0.8805704099821746,1.0,0.7974358974358974,0.058333333333333334,0.030999999988125002,0.047000000020489006,0.047000000020489006,0.047000000020489006,0.014333333362204001,,0,30,1.014999999984866,0,90,0.00075
irrelevant,A,1,0.8583333333333333,0.8583333333333333,0.0,0.0,,,,,0.0,0.031000000017229003,0.047000000020489006,0.047000000020489006,0.047000000017578605,0.014333333333100001,,0,0,0.0,0,120,0.001
irrelevant,C,2,0.6916666666666667,0.6916666666666667,0.0,0.0,,,,,0.0,0.030999999988125002,0.047000000020489006,0.047000000020489006,0.047000000017578605,0.014333333333100001,,0,30,1.0,0,90,0.00075
irrelevant,D,2,0.9583333333333334,0.7,0.3,0.25833333333333336,0.8611111111111112,0.9133986928104575,1.0,0.8487179487179487,0.041666666666666664,0.030999999988125002,0.032000000006519,0.032000000006519,0.032000000006519,0.015000000025611,,0,30,1.0,0,90,0.00075
irrelevant,A,2,0.9083333333333333,0.9083333333333333,0.0,0.0,,,,,0.0,0.031000000017229003,0.03270000000629776,0.047000000020489006,0.040400000003864525,0.015000000025611,,0,0,0.0,0,120,0.001
irrelevant,B,2,0.9083333333333333,0.9083333333333333,0.0,0.0,,,,,0.0,0.031000000017229003,0.047000000020489006,0.047000000020489006,0.046999999991385,0.013666666669693002,,0,0,0.0,0,120,0.001
irrelevant,D,3,0.9166666666666666,0.6166666666666667,0.38333333333333336,0.3,0.782608695652174,0.8717948717948718,1.0,0.7861111111111111,0.08333333333333333,0.030999999988125002,0.047000000020489006,0.047000000020489006,0.047000000020489006,0.013666666669693002,,0,30,1.0,0,90,0.00075
irrelevant,A,3,0.875,0.875,0.0,0.0,,,,,0.0,0.031000000017229003,0.047000000020489006,0.047000000020489006,0.047000000020489006,0.014333333333100001,,0,0,0.0,0,120,0.001
irrelevant,B,3,0.8666666666666667,0.8666666666666667,0.0,0.0,,,,,0.0,0.030999999988125002,0.032000000006519,0.032000000006519,0.032000000006519,0.015333333351494002,,0,0,0.0,0,120,0.001
irrelevant,C,3,0.6166666666666667,0.6166666666666667,0.0,0.0,,,,,0.0,0.030999999988125002,0.047000000020489006,0.047000000020489006,0.047000000020489006,0.014333333362204001,,0,30,1.0,0,90,0.00075
irrelevant,A,4,0.8583333333333333,0.8583333333333333,0.0,0.0,,,,,0.0,0.031000000017229003,0.046999999991385,0.047000000020489006,0.046999999991385,0.012750000013037846,,0,0,0.0,0,120,0.001
irrelevant,B,4,0.8583333333333333,0.8583333333333333,0.0,0.0,,,,,0.0,0.031000000017229003,0.032000000006519,0.04680999999341991,0.032000000006519,0.014333333333100001,,0,0,0.0,0,120,0.001
irrelevant,C,4,0.6583333333333333,0.6583333333333333,0.0,0.0,,,,,0.0,0.030999999988125002,0.0460500000015595,0.047000000020489006,0.046999999994295404,0.014333333333100001,,0,30,1.0160000000032596,0,90,0.00075
irrelevant,D,4,0.9416666666666667,0.65,0.35,0.2916666666666667,0.8333333333333334,0.9044444444444445,1.0,0.8333333333333334,0.058333333333333334,0.030999999988125002,0.032000000006519,0.032000000006519,0.032000000006519,0.015333333351494002,,0,30,1.0,0,90,0.00075
drift,A,0,0.8833333333333333,0.8833333333333333,0.0,0.0,,,,,0.0,0.031000000017229003,0.0469999999928402,0.047000000020489006,0.046999999991385,0.014333333333100001,,0,0,0.0,0,120,0.001
drift,B,0,0.9,0.9,0.0,0.0,,,,,0.0,0.031000000017229003,0.046999999991385,0.047000000020489006,0.046999999991385,0.013666666698797,,0,0,0.0,0,120,0.001
drift,C,0,0.9,0.9,0.0,0.0,,,,,0.0,0.030999999988125002,0.032000000006519,0.032000000006519,0.032000000006519,0.015000000025611,,0,0,0.0,0,120,0.001
drift,D,0,0.8833333333333333,0.8833333333333333,0.0,0.0,,,,,0.0,0.031000000017229003,0.032000000006519,0.032000000006519,0.032000000006519,0.014333333333100001,,0,0,0.0,0,120,0.001
drift,B,1,0.8583333333333333,0.8583333333333333,0.0,0.0,,,,,0.0,0.031000000017229003,0.046999999991385,0.046999999991385,0.04549999999289828,0.013066666672626697,,0,0,0.0,0,120,0.001
drift,C,1,0.8583333333333333,0.8583333333333333,0.0,0.0,,,,,0.0,0.030999999988125002,0.032000000006519,0.032000000006519,0.032000000006519,0.014333333362204001,,0,0,0.0,0,120,0.001
drift,D,1,0.8583333333333333,0.8583333333333333,0.0,0.0,,,,,0.0,0.031000000017229003,0.03270000000629776,0.04700000001495924,0.044600000002537284,0.014333333333100001,,0,0,0.0,0,120,0.001
drift,A,1,0.8583333333333333,0.8583333333333333,0.0,0.0,,,,,0.0,0.031000000017229003,0.046999999991385,0.047000000020489006,0.046999999991385,0.014333333333100001,,0,0,0.0,0,120,0.001
drift,C,2,0.9,0.9,0.0,0.0,,,,,0.0,0.030999999988125002,0.032000000006519,0.04700000001495924,0.032000000006519,0.014333333362204001,,0,0,0.0,0,120,0.001
drift,D,2,0.9,0.9,0.0,0.0,,,,,0.0,0.031000000017229003,0.047000000020489006,0.047000000020489006,0.047000000020489006,0.013750000003783047,,0,0,0.0,0,120,0.001
drift,A,2,0.9,0.9,0.0,0.0,,,,,0.0,0.031000000017229003,0.032000000006519,0.032000000006519,0.032000000006519,0.014333333333100001,,0,0,0.0,0,120,0.001
drift,B,2,0.9,0.9,0.0,0.0,,,,,0.0,0.030999999988125002,0.032000000006519,0.032000000006519,0.032000000006519,0.014333333362204001,,0,0,0.0,0,120,0.001
drift,D,3,0.8666666666666667,0.8666666666666667,0.0,0.0,,,,,0.0,0.030999999988125002,0.032000000006519,0.044149999994260496,0.032000000006519,0.015333333351494002,,0,0,0.0,0,120,0.001
drift,A,3,0.8666666666666667,0.8666666666666667,0.0,0.0,,,,,0.0,0.030999999988125002,0.046000000002095004,0.047000000020489006,0.032000000006519,0.014333333362204001,,0,0,0.0,0,120,0.001
drift,B,3,0.875,0.875,0.0,0.0,,,,,0.0,0.031000000017229003,0.032000000006519,0.04681000001699415,0.032000000006519,0.013666666669693002,,0,0,0.0,0,120,0.001
drift,C,3,0.875,0.875,0.0,0.0,,,,,0.0,0.031000000017229003,0.032000000006519,0.046999999991385,0.032000000006519,0.014333333333100001,,0,0,0.0,0,120,0.001
drift,A,4,0.8666666666666667,0.8666666666666667,0.0,0.0,,,,,0.0,0.030999999988125002,0.032000000006519,0.032000000006519,0.032000000006519,0.013666666669693002,,0,0,0.0,0,120,0.001
drift,B,4,0.8583333333333333,0.8583333333333333,0.0,0.0,,,,,0.0,0.030999999988125002,0.032000000006519,0.032000000006519,0.032000000006519,0.015333333351494002,,0,0,0.0,0,120,0.001
drift,C,4,0.8583333333333333,0.8583333333333333,0.0,0.0,,,,,0.0,0.030999999988125002,0.046999999991385,0.047000000020489006,0.044600000002537284,0.014333333362204001,,0,0,0.0,0,120,0.001
drift,D,4,0.8666666666666667,0.8666666666666667,0.0,0.0,,,,,0.0,0.031000000017229003,0.046999999991385,0.047000000020489006,0.046999999991385,0.013666666669693002,,0,0,0.0,0,120,0.001
