scenario,strategy,metric,n,mean,std,ci95_low,ci95_high
drift,A,success_rate,5,0.875,0.016666666666666677,0.8543056000299372,0.8956943999700628
drift,A,primary_success_rate,5,0.875,0.016666666666666677,0.8543056000299372,0.8956943999700628
drift,A,fallback_usage_rate,5,0.0,0.0,0.0,0.0
drift,A,fallback_success_rate,5,0.0,0.0,0.0,0.0
drift,A,fallback_accuracy,0,,,,
drift,A,fallback_macro_f1,0,,,,
drift,A,fallback_precision,0,,,,
drift,A,fallback_recall,0,,,,
drift,A,human_review_rate,5,0.0,0.0,0.0,0.0
drift,A,p50,5,0.031000000005587402,1.5940917565382474e-11,0.030999999985794138,0.031000000025380666
drift,A,p95,5,0.04079999999987165,0.008043631014608883,0.030812512954196562,0.05078748704554673
drift,A,p99,5,0.041000000014901006,0.008215838370229179,0.03079868929552633,0.05120131073427568
drift,A,success_p95,5,0.038000000000465405,0.008215838354288258,0.027798689300883993,0.048201310700046816
drift,A,scheduler_lag_p95,5,0.014200000006239399,0.0002981423987961308,0.013829807323316134,0.014570192689162664
drift,A,recovery_seconds,0,,,,
drift,A,retry_count,5,0.0,0.0,0.0,0.0
drift,A,rejected_count,5,0.0,0.0,0.0,0.0
drift,A,circuit_open_seconds,5,0.0,0.0,0.0,0.0
drift,A,requests_during_outage,5,0.0,0.0,0.0,0.0
drift,A,primary_calls,5,120.0,0.0,120.0,120.0
drift,A,estimated_cost_per_request,5,0.001,0.0,0.001,0.001
drift,B,success_rate,5,0.8783333333333333,0.020916500663351923,0.852362067491244,0.9043045991754226
drift,B,primary_success_rate,5,0.8783333333333333,0.020916500663351923,0.852362067491244,0.9043045991754226
drift,B,fallback_usage_rate,5,0.0,0.0,0.0,0.0
drift,B,fallback_success_rate,5,0.0,0.0,0.0,0.0
drift,B,fallback_accuracy,0,,,,
drift,B,fallback_macro_f1,0,,,,
drift,B,fallback_precision,0,,,,
drift,B,fallback_recall,0,,,,
drift,B,human_review_rate,5,0.0,0.0,0.0,0.0
drift,B,p50,5,0.031000000005587402,1.5940917565382474e-11,0.030999999985794138,0.031000000025380666
drift,B,p95,5,0.038000000000465405,0.008215838354288258,0.027798689300883993,0.048201310700046816
drift,B,p99,5,0.04096200000838123,0.008181516975910715,0.030803304928699947,0.051120695088062516
drift,B,success_p95,5,0.03770000000076806,0.00782304287835022,0.027986409302316224,0.04741359069921989
drift,B,scheduler_lag_p95,5,0.014013333350962939,0.0008633269027568747,0.012941371417128963,0.015085295284796914
drift,B,recovery_seconds,0,,,,
drift,B,retry_count,5,0.0,0.0,0.0,0.0
drift,B,rejected_count,5,0.0,0.0,0.0,0.0
drift,B,circuit_open_seconds,5,0.0,0.0,0.0,0.0
drift,B,requests_during_outage,5,0.0,0.0,0.0,0.0
drift,B,primary_calls,5,120.0,0.0,120.0,120.0
drift,B,estimated_cost_per_request,5,0.001,0.0,0.001,0.001
drift,C,success_rate,5,0.8783333333333333,0.020916500663351923,0.852362067491244,0.9043045991754226
drift,C,primary_success_rate,5,0.8783333333333333,0.020916500663351923,0.852362067491244,0.9043045991754226
drift,C,fallback_usage_rate,5,0.0,0.0,0.0,0.0
drift,C,fallback_success_rate,5,0.0,0.0,0.0,0.0
drift,C,fallback_accuracy,0,,,,
drift,C,fallback_macro_f1,0,,,,
drift,C,fallback_precision,0,,,,
drift,C,fallback_recall,0,,,,
drift,C,human_review_rate,5,0.0,0.0,0.0,0.0
drift,C,p50,5,0.030999999993945804,1.3015704688985713e-11,0.030999999977784673,0.031000000010106936
drift,C,p95,5,0.0350000000034922,0.0067082039257312384,0.02667066469630255,0.04332933531068185
drift,C,p99,5,0.041000000007974255,0.008215838363905947,0.030798689296450906,0.0512013107194976
drift,C,success_p95,5,0.034520000005722654,0.005634891301518791,0.027523358342835206,0.041516641668610105
drift,C,scheduler_lag_p95,5,0.014466666689064604,0.0002981423987961308,0.014096474006141339,0.014836859371987868
drift,C,recovery_seconds,0,,,,
drift,C,retry_count,5,0.0,0.0,0.0,0.0
drift,C,rejected_count,5,0.0,0.0,0.0,0.0
drift,C,circuit_open_seconds,5,0.0,0.0,0.0,0.0
drift,C,requests_during_outage,5,0.0,0.0,0.0,0.0
drift,C,primary_calls,5,120.0,0.0,120.0,120.0
drift,C,estimated_cost_per_request,5,0.001,0.0,0.001,0.001
drift,D,success_rate,5,0.875,0.016666666666666677,0.8543056000299372,0.8956943999700628
drift,D,primary_success_rate,5,0.875,0.016666666666666677,0.8543056000299372,0.8956943999700628
drift,D,fallback_usage_rate,5,0.0,0.0,0.0,0.0
drift,D,fallback_success_rate,5,0.0,0.0,0.0,0.0
drift,D,fallback_accuracy,0,,,,
drift,D,fallback_macro_f1,0,,,,
drift,D,fallback_precision,0,,,,
drift,D,fallback_recall,0,,,,
drift,D,human_review_rate,5,0.0,0.0,0.0,0.0
drift,D,p50,5,0.0310000000114082,1.3015704688985713e-11,0.03099999999524707,0.031000000027569332
drift,D,p95,5,0.03814000000624196,0.00809308346648206,0.028091109631453046,0.04818889038103087
drift,D,p99,5,0.04343000001134335,0.00650764934984405,0.03534968610070785,0.051510313921978856
drift,D,success_p95,5,0.040520000005489866,0.00783913260431956,0.030786431273560937,0.05025356873741879
drift,D,scheduler_lag_p95,5,0.01428333333823401,0.0006656241906183304,0.013456851744409708,0.015109814932058313
drift,D,recovery_seconds,0,,,,
drift,D,retry_count,5,0.0,0.0,0.0,0.0
drift,D,rejected_count,5,0.0,0.0,0.0,0.0
drift,D,circuit_open_seconds,5,0.0,0.0,0.0,0.0
drift,D,requests_during_outage,5,0.0,0.0,0.0,0.0
drift,D,primary_calls,5,120.0,0.0,120.0,120.0
drift,D,estimated_cost_per_request,5,0.001,0.0,0.001,0.001
empty,A,success_rate,5,0.8766666666666666,0.01900292375165234,0.8530714203836286,0.9002619129497046
empty,A,primary_success_rate,5,0.8766666666666666,0.01900292375165234,0.8530714203836286,0.9002619129497046
empty,A,fallback_usage_rate,5,0.0,0.0,0.0,0.0
empty,A,fallback_success_rate,5,0.0,0.0,0.0,0.0
empty,A,fallback_accuracy,0,,,,
empty,A,fallback_macro_f1,0,,,,
empty,A,fallback_precision,0,,,,
empty,A,fallback_recall,0,,,,
empty,A,human_review_rate,5,0.0,0.0,0.0,0.0
empty,A,p50,5,0.0310000000143186,6.507851568701015e-12,0.031000000006238038,0.031000000022399166
empty,A,p95,5,0.0439999999944118,0.0067082039257312384,0.035670664687222145,0.05232933530160146
empty,A,p99,5,0.04400000000023261,0.006708203928985166,0.03567066468900267,0.05232933531146255
empty,A,success_p95,5,0.0439999999944118,0.0067082039257312384,0.035670664687222145,0.05232933530160146
empty,A,scheduler_lag_p95,5,0.014533333354240998,0.0009888264594241955,0.013305543139102677,0.01576112356937932
empty,A,recovery_seconds,0,,,,
empty,A,retry_count,5,0.0,0.0,0.0,0.0
empty,A,rejected_count,5,0.0,0.0,0.0,0.0
empty,A,circuit_open_seconds,5,0.0,0.0,0.0,0.0
empty,A,requests_during_outage,5,0.0,0.0,0.0,0.0
empty,A,primary_calls,5,120.0,0.0,120.0,120.0
empty,A,estimated_cost_per_request,5,0.001,0.0,0.001,0.001
empty,B,success_rate,5,0.8783333333333333,0.019184774055368902,0.8545122900751081,0.9021543765915585
empty,B,primary_success_rate,5,0.8783333333333333,0.019184774055368902,0.8545122900751081,0.9021543765915585
empty,B,fallback_usage_rate,5,0.0,0.0,0.0,0.0
empty,B,fallback_success_rate,5,0.0,0.0,0.0,0.0
empty,B,fallback_accuracy,0,,,,
empty,B,fallback_macro_f1,0,,,,
empty,B,fallback_precision,0,,,,
empty,B,fallback_recall,0,,,,
empty,B,human_review_rate,5,0.0,0.0,0.0,0.0
empty,B,p50,5,0.0310000000114082,1.3015704688985713e-11,0.03099999999524707,0.031000000027569332
empty,B,p95,5,0.04115000000339909,0.008014830001925377,0.031198274138284927,0.05110172586851326
empty,B,p99,5,0.04400000001187421,0.006708203935493018,0.035670664692563706,0.05232933533118471
empty,B,success_p95,5,0.04355000000272389,0.006529739656505389,0.03544225735359772,0.05165774265185006
empty,B,scheduler_lag_p95,5,0.01440666668266391,0.0011543155792636027,0.012973394585326568,0.015839938780001252
empty,B,recovery_seconds,0,,,,
empty,B,retry_count,5,0.0,0.0,0.0,0.0
empty,B,rejected_count,5,0.0,0.0,0.0,0.0
empty,B,circuit_open_seconds,5,0.0,0.0,0.0,0.0
empty,B,requests_during_outage,5,0.0,0.0,0.0,0.0
empty,B,primary_calls,5,120.0,0.0,120.0,120.0
empty,B,estimated_cost_per_request,5,0.001,0.0,0.001,0.001
empty,C,success_rate,5,0.6633333333333333,0.03845993586404775,0.6155790155977193,0.7110876510689473
empty,C,primary_success_rate,5,0.6633333333333333,0.03845993586404775,0.6155790155977193,0.7110876510689473
empty,C,fallback_usage_rate,5,0.0,0.0,0.0,0.0
empty,C,fallback_success_rate,5,0.0,0.0,0.0,0.0
empty,C,fallback_accuracy,0,,,,
empty,C,fallback_macro_f1,0,,,,
empty,C,fallback_precision,0,,,,
empty,C,fallback_recall,0,,,,
empty,C,human_review_rate,5,0.0,0.0,0.0,0.0
empty,C,p50,5,0.030999999988125006,3.878959614448864e-18,0.030999999988125002,0.03099999998812501
empty,C,p95,5,0.043800000002374606,0.0066105975500749415,0.03559185901783253,0.05200814098691668
empty,C,p99,5,0.046430000009422503,0.0012745587556507003,0.044847426288935635,0.04801257372990937
empty,C,success_p95,5,0.04338000000745499,0.006501692088548905,0.03530708301369756,0.05145291700121242
empty,C,scheduler_lag_p95,5,0.01435666668372344,0.00044246781402068126,0.01380727032869004,0.014906063038756839
empty,C,recovery_seconds,0,,,,
empty,C,retry_count,5,0.0,0.0,0.0,0.0
empty,C,rejected_count,5,30.2,0.4472135954999579,29.64471097896044,30.75528902103956
empty,C,circuit_open_seconds,5,1.0123999999952502,0.0069498201385240444,1.0037706585352535,1.021029341455247
empty,C,requests_during_outage,5,0.0,0.0,0.0,0.0
empty,C,primary_calls,5,89.8,0.4472135954999579,89.24471097896044,90.35528902103955
empty,C,estimated_cost_per_request,5,0.0007483333333333333,3.7267799624996753e-06,0.0007437059248246703,0.0007529607418419963
empty,D,success_rate,5,0.9416666666666667,0.015590239111558109,0.9223088280384567,0.9610245052948766
empty,D,primary_success_rate,5,0.665,0.03555121501283587,0.6208573362261605,0.7091426637738396
empty,D,fallback_usage_rate,5,0.33499999999999996,0.03555121501283592,0.29085733622616033,0.3791426637738396
empty,D,fallback_success_rate,5,0.2766666666666667,0.025276251480171832,0.24528205519419272,0.30805127813914074
empty,D,fallback_accuracy,5,0.8272534464475079,0.032956363228299264,0.7863327167152022,0.8681741761798135
empty,D,fallback_macro_f1,5,0.8971104668751726,0.019786390590890546,0.8725424180240661,0.9216785157262791
empty,D,fallback_precision,5,1.0,0.0,1.0,1.0
empty,D,fallback_recall,5,0.8231196581196581,0.029628670815080305,0.7863308042539423,0.859908511985374
empty,D,human_review_rate,5,0.058333333333333334,0.015590239111558088,0.03897549470512338,0.07769117196154329
empty,D,p50,5,0.030999999988125006,3.878959614448864e-18,0.030999999988125002,0.03099999998812501
empty,D,p95,5,0.0439999999944118,0.0067082039257312384,0.035670664687222145,0.05232933530160146
empty,D,p99,5,0.04700000000774145,1.510102368135196e-11,0.046999999988991056,0.04700000002649185
empty,D,success_p95,5,0.0439999999944118,0.0067082039257312384,0.035670664687222145,0.05232933530160146
empty,D,scheduler_lag_p95,5,0.01420666667869427,0.00030221405760116123,0.01383141836361983,0.014581914993768711
empty,D,recovery_seconds,0,,,,
empty,D,retry_count,5,0.0,0.0,0.0,0.0
empty,D,rejected_count,5,30.2,0.4472135954999579,29.64471097896044,30.75528902103956
empty,D,circuit_open_seconds,5,1.009200000000419,0.00840832920428944,0.9987596803424076,1.0196403196584307
empty,D,requests_during_outage,5,0.0,0.0,0.0,0.0
empty,D,primary_calls,5,89.8,0.4472135954999579,89.24471097896044,90.35528902103955
empty,D,estimated_cost_per_request,5,0.0007483333333333333,3.7267799624996753e-06,0.0007437059248246703,0.0007529607418419963
error10,A,success_rate,5,0.8983333333333332,0.01989556064385556,0.873629731957778,0.9230369347088884
error10,A,primary_success_rate,5,0.8983333333333332,0.01989556064385556,0.873629731957778,0.9230369347088884
error10,A,fallback_usage_rate,5,0.0,0.0,0.0,0.0
error10,A,fallback_success_rate,5,0.0,0.0,0.0,0.0
error10,A,fallback_accuracy,0,,,,
error10,A,fallback_macro_f1,0,,,,
error10,A,fallback_precision,0,,,,
error10,A,fallback_recall,0,,,,
error10,A,human_review_rate,5,0.0,0.0,0.0,0.0
error10,A,p50,5,0.031000000005587402,1.5940917565382474e-11,0.030999999985794138,0.031000000025380666
error10,A,p95,5,0.032000000006519,0.0,0.032000000006519,0.032000000006519
error10,A,p99,5,0.032000000006519,0.0,0.032000000006519,0.032000000006519
error10,A,success_p95,5,0.032000000006519,0.0,0.032000000006519,0.032000000006519
error10,A,scheduler_lag_p95,5,0.015000000011641002,0.000707106788704743,0.014122010969220845,0.01587798905406116
error10,A,recovery_seconds,0,,,,
error10,A,retry_count,5,0.0,0.0,0.0,0.0
error10,A,rejected_count,5,0.0,0.0,0.0,0.0
error10,A,circuit_open_seconds,5,0.0,0.0,0.0,0.0
error10,A,requests_during_outage,5,0.0,0.0,0.0,0.0
error10,A,primary_calls,5,120.0,0.0,120.0,120.0
error10,A,estimated_cost_per_request,5,0.001,0.0,0.001,0.001
error10,B,success_rate,5,0.9983333333333334,0.0037267799624996364,0.9937059248246705,1.0029607418419964
error10,B,primary_success_rate,5,0.9983333333333334,0.0037267799624996364,0.9937059248246705,1.0029607418419964
error10,B,fallback_usage_rate,5,0.0,0.0,0.0,0.0
error10,B,fallback_success_rate,5,0.0,0.0,0.0,0.0
error10,B,fallback_accuracy,0,,,,
error10,B,fallback_macro_f1,0,,,,
error10,B,fallback_precision,0,,,,
error10,B,fallback_recall,0,,,,
error10,B,human_review_rate,5,0.0,0.0,0.0,0.0
error10,B,p50,5,0.031000000017229003,0.0,0.031000000017229003,0.031000000017229003
error10,B,p95,5,0.0876099999930005,0.013763556952130954,0.07052028683831232,0.10469971314768867
error10,B,p99,5,0.11340599999506944,0.012828397413557438,0.09747744077200485,0.12933455921813403
error10,B,success_p95,5,0.08760999998776178,0.013763556949090731,0.07052028683684855,0.10469971313867502
error10,B,scheduler_lag_p95,5,0.014333333350562399,0.00047140452877591696,0.01374800731859113,0.014918659382533667
error10,B,recovery_seconds,0,,,,
error10,B,retry_count,5,13.4,3.209361307176242,9.415051607651082,17.38494839234892
error10,B,rejected_count,5,0.0,0.0,0.0,0.0
error10,B,circuit_open_seconds,5,0.0,0.0,0.0,0.0
error10,B,requests_during_outage,5,0.0,0.0,0.0,0.0
error10,B,primary_calls,5,133.4,3.209361307176242,129.4150516076511,137.38494839234892
error10,B,estimated_cost_per_request,5,0.0011116666666666666,2.6744677559802037e-05,0.0010784587633970923,0.001144874569936241
error10,C,success_rate,5,0.8983333333333332,0.01989556064385556,0.873629731957778,0.9230369347088884
error10,C,primary_success_rate,5,0.8983333333333332,0.01989556064385556,0.873629731957778,0.9230369347088884
error10,C,fallback_usage_rate,5,0.0,0.0,0.0,0.0
error10,C,fallback_success_rate,5,0.0,0.0,0.0,0.0
error10,C,fallback_accuracy,0,,,,
error10,C,fallback_macro_f1,0,,,,
error10,C,fallback_precision,0,,,,
error10,C,fallback_recall,0,,,,
error10,C,human_review_rate,5,0.0,0.0,0.0,0.0
error10,C,p50,5,0.030999999999766603,1.5940917565382474e-11,0.03099999997997334,0.031000000019559867
error10,C,p95,5,0.03800000000075644,0.008215838354686781,0.027798689300680197,0.04820131070083269
error10,C,p99,5,0.038000000012107,0.008215838370229179,0.027798689292732326,0.04820131073148168
error10,C,success_p95,5,0.038000000000465405,0.008215838354288258,0.027798689300883993,0.048201310700046816
error10,C,scheduler_lag_p95,5,0.014216666684699012,0.00026087460534057484,0.013892748079202004,0.01454058529019602
error10,C,recovery_seconds,0,,,,
error10,C,retry_count,5,0.0,0.0,0.0,0.0
error10,C,rejected_count,5,0.0,0.0,0.0,0.0
error10,C,circuit_open_seconds,5,0.0,0.0,0.0,0.0
error10,C,requests_during_outage,5,0.0,0.0,0.0,0.0
error10,C,primary_calls,5,120.0,0.0,120.0,120.0
error10,C,estimated_cost_per_request,5,0.001,0.0,0.001,0.001
error10,D,success_rate,5,0.9766666666666666,0.0037267799624996364,0.9720392581580036,0.9812940751753295
error10,D,primary_success_rate,5,0.8983333333333332,0.01989556064385556,0.873629731957778,0.9230369347088884
error10,D,fallback_usage_rate,5,0.10166666666666666,0.019895560643855538,0.07696306529111148,0.12637026804222182
error10,D,fallback_success_rate,5,0.07833333333333332,0.02006932429798716,0.05341397588424659,0.10325269078242005
error10,D,fallback_accuracy,5,0.7625974025974026,0.06593075014283006,0.6807335637704827,0.8444612414243226
error10,D,fallback_macro_f1,5,0.8786243386243386,0.01893466656531315,0.8551138448321968,0.9021348324164805
error10,D,fallback_precision,5,1.0,0.0,1.0,1.0
error10,D,fallback_recall,5,0.8055555555555556,0.03469443332443558,0.7624767267585228,0.8486343843525883
error10,D,human_review_rate,5,0.023333333333333334,0.0037267799624996502,0.018705924824670338,0.02796074184199633
error10,D,p50,5,0.031000000017229003,0.0,0.031000000017229003,0.031000000017229003
error10,D,p95,5,0.03814000000624196,0.00809308346648206,0.028091109631453046,0.04818889038103087
error10,D,p99,5,0.04343000000662851,0.00650764934661093,0.03534968610000745,0.05151031391324956
error10,D,success_p95,5,0.038420000006153456,0.007879213158459422,0.028636664693121004,0.04820333531918591
error10,D,scheduler_lag_p95,5,0.014073333340192071,0.0005813776745612261,0.01335145761232997,0.014795209068054172
error10,D,recovery_seconds,0,,,,
error10,D,retry_count,5,0.0,0.0,0.0,0.0
error10,D,rejected_count,5,0.0,0.0,0.0,0.0
error10,D,circuit_open_seconds,5,0.0,0.0,0.0,0.0
error10,D,requests_during_outage,5,0.0,0.0,0.0,0.0
error10,D,primary_calls,5,120.0,0.0,120.0,120.0
error10,D,estimated_cost_per_request,5,0.001,0.0,0.001,0.001
error30,A,success_rate,5,0.6849999999999999,0.03405469456950422,0.6427155117832213,0.7272844882167786
error30,A,primary_success_rate,5,0.6849999999999999,0.03405469456950422,0.6427155117832213,0.7272844882167786
error30,A,fallback_usage_rate,5,0.0,0.0,0.0,0.0
error30,A,fallback_success_rate,5,0.0,0.0,0.0,0.0
error30,A,fallback_accuracy,0,,,,
error30,A,fallback_macro_f1,0,,,,
error30,A,fallback_precision,0,,,,
error30,A,fallback_recall,0,,,,
error30,A,human_review_rate,5,0.0,0.0,0.0,0.0
error30,A,p50,5,0.031000000005587402,1.5940917565382474e-11,0.030999999985794138,0.031000000025380666
error30,A,p95,5,0.04100000000937125,0.00821583836518122,0.03079868929626444,0.051201310722478056
error30,A,p99,5,0.041000000014901006,0.008215838370229179,0.03079868929552633,0.05120131073427568
error30,A,success_p95,5,0.041000000009080204,0.008215838364915538,0.03079868929630328,0.05120131072185713
error30,A,scheduler_lag_p95,5,0.0140666666793788,0.0003651483672278986,0.01361327509778903,0.01452005826096857
error30,A,recovery_seconds,0,,,,
error30,A,retry_count,5,0.0,0.0,0.0,0.0
error30,A,rejected_count,5,0.0,0.0,0.0,0.0
error30,A,circuit_open_seconds,5,0.0,0.0,0.0,0.0
error30,A,requests_during_outage,5,0.0,0.0,0.0,0.0
error30,A,primary_calls,5,120.0,0.0,120.0,120.0
error30,A,estimated_cost_per_request,5,0.001,0.0,0.001,0.001
error30,B,success_rate,5,0.9716666666666667,0.01118033988749891,0.9577844411406777,0.9855488921926556
error30,B,primary_success_rate,5,0.9716666666666667,0.01118033988749891,0.9577844411406777,0.9855488921926556
error30,B,fallback_usage_rate,5,0.0,0.0,0.0,0.0
error30,B,fallback_success_rate,5,0.0,0.0,0.0,0.0
error30,B,fallback_accuracy,0,,,,
error30,B,fallback_macro_f1,0,,,,
error30,B,fallback_precision,0,,,,
error30,B,fallback_recall,0,,,,
error30,B,human_review_rate,5,0.0,0.0,0.0,0.0
error30,B,p50,5,0.031800000008661004,0.0004472135907102997,0.03124471099356859,0.03235528902375342
error30,B,p95,5,0.16575000000215315,0.02366035714141278,0.1363717863550175,0.19512821364928878
error30,B,p99,5,0.19955399999924633,0.012905620099942684,0.18352955614665262,0.21557844385184005
error30,B,success_p95,5,0.14233000000007423,0.028254105895778876,0.10724789390784882,0.17741210609229963
error30,B,scheduler_lag_p95,5,0.014273333349691473,0.0011061444595699087,0.012899873597430955,0.01564679310195199
error30,B,recovery_seconds,0,,,,
error30,B,retry_count,5,50.4,5.504543577809154,43.56520641289062,57.23479358710938
error30,B,rejected_count,5,0.0,0.0,0.0,0.0
error30,B,circuit_open_seconds,5,0.0,0.0,0.0,0.0
error30,B,requests_during_outage,5,0.0,0.0,0.0,0.0
error30,B,primary_calls,5,170.4,5.504543577809153,163.56520641289063,177.23479358710938
error30,B,estimated_cost_per_request,5,0.00142,4.587119648174288e-05,0.0013630433867740886,0.0014769566132259114
error30,C,success_rate,5,0.32333333333333336,0.15782814141407805,0.12736381223605975,0.519302854430607
error30,C,primary_success_rate,5,0.32333333333333336,0.15782814141407805,0.12736381223605975,0.519302854430607
error30,C,fallback_usage_rate,5,0.0,0.0,0.0,0.0
error30,C,fallback_success_rate,5,0.0,0.0,0.0,0.0
error30,C,fallback_accuracy,0,,,,
error30,C,fallback_macro_f1,0,,,,
error30,C,fallback_precision,0,,,,
error30,C,fallback_recall,0,,,,
error30,C,human_review_rate,5,0.0,0.0,0.0,0.0
error30,C,p50,5,0.0092000000004188,0.01275049018111417,-0.006631824616921286,0.025031824617758887
error30,C,p95,5,0.03500000000378324,0.006708203926382023,0.026670664695785534,0.043329335311780945
error30,C,p99,5,0.035000000009313005,0.006708203938746945,0.02667066468596222,0.04332933533266379
error30,C,success_p95,5,0.035000000009313005,0.006708203938746945,0.02667066468596222,0.04332933533266379
error30,C,scheduler_lag_p95,5,0.014866666667318002,0.001069787101786171,0.013538350537287365,0.01619498279734864
error30,C,recovery_seconds,0,,,,
error30,C,retry_count,5,0.0,0.0,0.0,0.0
error30,C,rejected_count,5,63.6,22.28901074520805,35.924537802098264,91.27546219790173
error30,C,circuit_open_seconds,5,2.1435999999986963,0.7576280749793511,1.2028804952684122,3.08431950472898
error30,C,requests_during_outage,5,0.0,0.0,0.0,0.0
error30,C,primary_calls,5,56.4,22.28901074520805,28.72453780209826,84.07546219790174
error30,C,estimated_cost_per_request,5,0.00047000000000000004,0.0001857417562100671,0.00023937114835081885,0.0007006288516491812
error30,D,success_rate,5,0.8716666666666667,0.023273733406281555,0.8427685097922946,0.9005648235410388
error30,D,primary_success_rate,5,0.32333333333333336,0.15782814141407805,0.12736381223605975,0.519302854430607
error30,D,fallback_usage_rate,5,0.6766666666666666,0.15782814141407805,0.480697145569393,0.8726361877639403
error30,D,fallback_success_rate,5,0.5483333333333333,0.140608795362642,0.37374445430074005,0.7229222123659267
error30,D,fallback_accuracy,5,0.8055990746466938,0.034560165697763955,0.7626869611278235,0.848511188165564
error30,D,fallback_macro_f1,5,0.8872498622406226,0.020705397075461554,0.8615407161235085,0.9129590083577368
error30,D,fallback_precision,5,1.0,0.0,1.0,1.0
error30,D,fallback_recall,5,0.8080422962494437,0.02953682672040636,0.7713674818895321,0.8447171106093553
error30,D,human_review_rate,5,0.12833333333333335,0.023273733406281562,0.09943517645896123,0.1572314902077055
error30,D,p50,5,0.01239999999525,0.012968230406310503,-0.0037021848206771537,0.028502184811177153
error30,D,p95,5,0.03530000000318951,0.00655124033396698,0.027165560736922292,0.043434439269456726
error30,D,p99,5,0.04342999999970175,0.0065076493392799755,0.035349686102183274,0.051510313897220224
error30,D,success_p95,5,0.0372500000012221,0.007310095751231324,0.028173317283495845,0.04632668271894835
error30,D,scheduler_lag_p95,5,0.01483333334683692,0.0007046472695599606,0.01395839820079173,0.015708268492882108
error30,D,recovery_seconds,0,,,,
error30,D,retry_count,5,0.0,0.0,0.0,0.0
error30,D,rejected_count,5,63.6,22.28901074520805,35.924537802098264,91.27546219790173
error30,D,circuit_open_seconds,5,2.1472000000067055,0.7559121642135778,1.2086110798984127,3.0857889201149984
error30,D,requests_during_outage,5,0.0,0.0,0.0,0.0
error30,D,primary_calls,5,56.4,22.28901074520805,28.72453780209826,84.07546219790174
error30,D,estimated_cost_per_request,5,0.00047000000000000004,0.0001857417562100671,0.00023937114835081885,0.0007006288516491812
error50,A,success_rate,5,0.465,0.03248931448269654,0.4246591878805155,0.5053408121194846
error50,A,primary_success_rate,5,0.465,0.03248931448269654,0.4246591878805155,0.5053408121194846
error50,A,fallback_usage_rate,5,0.0,0.0,0.0,0.0
error50,A,fallback_success_rate,5,0.0,0.0,0.0,0.0
error50,A,fallback_accuracy,0,,,,
error50,A,fallback_macro_f1,0,,,,
error50,A,fallback_precision,0,,,,
error50,A,fallback_recall,0,,,,
error50,A,human_review_rate,5,0.0,0.0,0.0,0.0
error50,A,p50,5,0.0310000000114082,1.3015704688985713e-11,0.03099999999524707,0.031000000027569332
error50,A,p95,5,0.04400000001187421,0.006708203935493018,0.035670664692563706,0.05232933533118471
error50,A,p99,5,0.04400000001769501,0.006708203938746945,0.035670664694344226,0.05232933534104579
error50,A,success_p95,5,0.04400000001071005,0.006708203934842233,0.0356706646922076,0.052329335329212495
error50,A,scheduler_lag_p95,5,0.01375666667617964,0.0006499572572258224,0.012949638149511073,0.014563695202848208
error50,A,recovery_seconds,0,,,,
error50,A,retry_count,5,0.0,0.0,0.0,0.0
error50,A,rejected_count,5,0.0,0.0,0.0,0.0
error50,A,circuit_open_seconds,5,0.0,0.0,0.0,0.0
error50,A,requests_during_outage,5,0.0,0.0,0.0,0.0
error50,A,primary_calls,5,120.0,0.0,120.0,120.0
error50,A,estimated_cost_per_request,5,0.001,0.0,0.001,0.001
error50,B,success_rate,5,0.8533333333333333,0.038459935864047765,0.8055790155977193,0.9010876510689473
error50,B,primary_success_rate,5,0.8533333333333333,0.038459935864047765,0.8055790155977193,0.9010876510689473
error50,B,fallback_usage_rate,5,0.0,0.0,0.0,0.0
error50,B,fallback_success_rate,5,0.0,0.0,0.0,0.0
error50,B,fallback_accuracy,0,,,,
error50,B,fallback_macro_f1,0,,,,
error50,B,fallback_precision,0,,,,
error50,B,fallback_recall,0,,,,
error50,B,human_review_rate,5,0.0,0.0,0.0,0.0
error50,B,p50,5,0.0624000000010706,0.0005477225516385094,0.06171991262769676,0.06308008737444444
error50,B,p95,5,0.19783999999315632,0.013755789685744944,0.1807599311735041,0.21492006881280853
error50,B,p99,5,0.2240220000030237,0.011229533382574866,0.21007869268525312,0.23796530732079427
error50,B,success_p95,5,0.18329000000288925,0.006524607273591029,0.17518863004885285,0.19139136995692566
error50,B,scheduler_lag_p95,5,0.014016666674908371,0.0007080881901938081,0.013137459061591458,0.014895874288225284
error50,B,recovery_seconds,0,,,,
error50,B,retry_count,5,97.4,5.89915248150105,90.07523474380574,104.72476525619427
error50,B,rejected_count,5,0.0,0.0,0.0,0.0
error50,B,circuit_open_seconds,5,0.0,0.0,0.0,0.0
error50,B,requests_during_outage,5,0.0,0.0,0.0,0.0
error50,B,primary_calls,5,217.4,5.89915248150105,210.07523474380574,224.72476525619427
error50,B,estimated_cost_per_request,5,0.0018116666666666667,4.9159604012508814e-05,0.001750626956198381,0.0018727063771349524
error50,C,success_rate,5,0.07833333333333334,0.048088460154178364,0.018623623630833717,0.13804304303583295
error50,C,primary_success_rate,5,0.07833333333333334,0.048088460154178364,0.018623623630833717,0.13804304303583295
error50,C,fallback_usage_rate,5,0.0,0.0,0.0,0.0
error50,C,fallback_success_rate,5,0.0,0.0,0.0,0.0
error50,C,fallback_accuracy,0,,,,
error50,C,fallback_macro_f1,0,,,,
error50,C,fallback_precision,0,,,,
error50,C,fallback_recall,0,,,,
error50,C,human_review_rate,5,0.0,0.0,0.0,0.0
error50,C,p50,5,0.0,0.0,0.0,0.0
error50,C,p95,5,0.034230000011738905,0.006620857189294889,0.026009120002542862,0.042450880020934945
error50,C,p99,5,0.042859999995562004,0.006235924143343292,0.03511707749124297,0.050602922499881034
error50,C,success_p95,5,0.037290000002830906,0.007498199776680826,0.027979755288786802,0.04660024471687501
error50,C,scheduler_lag_p95,5,0.01528333335517237,0.0010334677251991275,0.01400011368748707,0.016566553022857672
error50,C,recovery_seconds,0,,,,
error50,C,retry_count,5,0.0,0.0,0.0,0.0
error50,C,rejected_count,5,97.4,7.63544366752843,87.91934448771703,106.88065551228298
error50,C,circuit_open_seconds,5,3.2690000000060535,0.250840586827782,2.9575402740536907,3.5804597259584163
error50,C,requests_during_outage,5,0.0,0.0,0.0,0.0
error50,C,primary_calls,5,22.6,7.635443667528429,13.11934448771702,32.08065551228298
error50,C,estimated_cost_per_request,5,0.00018833333333333332,6.362869722940359e-05,0.00010932787073097515,0.0002673387959356915
error50,D,success_rate,5,0.8416666666666666,0.008333333333333304,0.8313194666816353,0.8520138666516979
error50,D,primary_success_rate,5,0.07166666666666667,0.04587119648174294,0.01471005344075519,0.12862327989257816
error50,D,fallback_usage_rate,5,0.9283333333333333,0.04587119648174297,0.8713767201074218,0.9852899465592448
error50,D,fallback_success_rate,5,0.77,0.042736271349860314,0.7169359104474113,0.8230640895525887
error50,D,fallback_accuracy,5,0.8292553488596998,0.009439932234915096,0.8175341248581225,0.840976572861277
error50,D,fallback_macro_f1,5,0.9017956298763267,0.007230941380132103,0.8928172302914947,0.9107740294611586
error50,D,fallback_precision,5,1.0,0.0,1.0,1.0
error50,D,fallback_recall,5,0.8289580721469267,0.010977850853670887,0.8153272699642731,0.8425888743295804
error50,D,human_review_rate,5,0.15833333333333333,0.008333333333333331,0.14798613334830193,0.16868053331836472
error50,D,p50,5,0.0,0.0,0.0,0.0
error50,D,p95,5,0.0348100000055271,0.006283351014556454,0.02700818926267524,0.042611810748378956
error50,D,p99,5,0.046962000011757335,8.497058021752218e-05,0.04685649510139475,0.04706750492211992
error50,D,success_p95,5,0.0347900000057413,0.006266617905572599,0.02700896616189271,0.042571033849589886
error50,D,scheduler_lag_p95,5,0.0147333333486066,0.0003651483592574398,0.014279941776913462,0.015186724920299738
error50,D,recovery_seconds,0,,,,
error50,D,retry_count,5,0.0,0.0,0.0,0.0
error50,D,rejected_count,5,98.8,7.362064927722384,89.65878902680849,107.9412109731915
error50,D,circuit_open_seconds,5,3.3094000000040977,0.24916520623479216,3.00002053381734,3.6187794661908557
error50,D,requests_during_outage,5,0.0,0.0,0.0,0.0
error50,D,primary_calls,5,21.2,7.362064927722384,12.0587890268085,30.3412109731915
error50,D,estimated_cost_per_request,5,0.0001766666666666667,6.13505410643532e-05,0.00010048990855673753,0.00025284342477659583
irrelevant,A,success_rate,5,0.8766666666666666,0.02074983266331457,0.8509023464798763,0.9024309868534569
irrelevant,A,primary_success_rate,5,0.8766666666666666,0.02074983266331457,0.8509023464798763,0.9024309868534569
irrelevant,A,fallback_usage_rate,5,0.0,0.0,0.0,0.0
irrelevant,A,fallback_success_rate,5,0.0,0.0,0.0,0.0
irrelevant,A,fallback_accuracy,0,,,,
irrelevant,A,fallback_macro_f1,0,,,,
irrelevant,A,fallback_precision,0,,,,
irrelevant,A,fallback_recall,0,,,,
irrelevant,A,human_review_rate,5,0.0,0.0,0.0,0.0
irrelevant,A,p50,5,0.031000000017229003,0.0,0.031000000017229003,0.031000000017229003
irrelevant,A,p95,5,0.044140000006009164,0.006395154415488064,0.036199367005343784,0.052080633006674544
irrelevant,A,p99,5,0.04700000001466821,1.3015706240570831e-11,0.046999999998507076,0.047000000030829346
irrelevant,A,success_p95,5,0.045680000004940435,0.0029516097309011703,0.04201509246533255,0.04934490754454832
irrelevant,A,scheduler_lag_p95,5,0.014350000011268571,0.0009937303491522147,0.013116120812803807,0.015583879209733335
irrelevant,A,recovery_seconds,0,,,,
irrelevant,A,retry_count,5,0.0,0.0,0.0,0.0
irrelevant,A,rejected_count,5,0.0,0.0,0.0,0.0
irrelevant,A,circuit_open_seconds,5,0.0,0.0,0.0,0.0
irrelevant,A,requests_during_outage,5,0.0,0.0,0.0,0.0
irrelevant,A,primary_calls,5,120.0,0.0,120.0,120.0
irrelevant,A,estimated_cost_per_request,5,0.001,0.0,0.001,0.001
irrelevant,B,success_rate,5,0.875,0.02124591463996995,0.848619712682639,0.901380287317361
irrelevant,B,primary_success_rate,5,0.875,0.02124591463996995,0.848619712682639,0.901380287317361
irrelevant,B,fallback_usage_rate,5,0.0,0.0,0.0,0.0
irrelevant,B,fallback_success_rate,5,0.0,0.0,0.0,0.0
irrelevant,B,fallback_accuracy,0,,,,
irrelevant,B,fallback_macro_f1,0,,,,
irrelevant,B,fallback_precision,0,,,,
irrelevant,B,fallback_recall,0,,,,
irrelevant,B,human_review_rate,5,0.0,0.0,0.0,0.0
irrelevant,B,p50,5,0.0310000000114082,1.3015704688985713e-11,0.03099999999524707,0.031000000027569332
irrelevant,B,p95,5,0.03800000000628621,0.008215838362258717,0.027798689296808163,0.04820131071576425
irrelevant,B,p99,5,0.04339200000703548,0.006482096113401239,0.035343414630128606,0.05144058538394236
irrelevant,B,success_p95,5,0.038000000000465405,0.008215838354288258,0.027798689300883993,0.048201310700046816
irrelevant,B,scheduler_lag_p95,5,0.014600000007776202,0.0007226494545697644,0.013702712196715337,0.015497287818837066
irrelevant,B,recovery_seconds,0,,,,
irrelevant,B,retry_count,5,0.0,0.0,0.0,0.0
irrelevant,B,rejected_count,5,0.0,0.0,0.0,0.0
irrelevant,B,circuit_open_seconds,5,0.0,0.0,0.0,0.0
irrelevant,B,requests_during_outage,5,0.0,0.0,0.0,0.0
irrelevant,B,primary_calls,5,120.0,0.0,120.0,120.0
irrelevant,B,estimated_cost_per_request,5,0.001,0.0,0.001,0.001
irrelevant,C,success_rate,5,0.6633333333333333,0.03364438206364389,0.6215583153830941,0.7051083512835725
irrelevant,C,primary_success_rate,5,0.6633333333333333,0.03364438206364389,0.6215583153830941,0.7051083512835725
irrelevant,C,fallback_usage_rate,5,0.0,0.0,0.0,0.0
irrelevant,C,fallback_success_rate,5,0.0,0.0,0.0,0.0
irrelevant,C,fallback_accuracy,0,,,,
irrelevant,C,fallback_macro_f1,0,,,,
irrelevant,C,fallback_precision,0,,,,
irrelevant,C,fallback_recall,0,,,,
irrelevant,C,human_review_rate,5,0.0,0.0,0.0,0.0
irrelevant,C,p50,5,0.030999999988125006,3.878959614448864e-18,0.030999999988125002,0.03099999998812501
irrelevant,C,p95,5,0.04361000001023031,0.00650849445233082,0.035528636766262195,0.05169136325419843
irrelevant,C,p99,5,0.047000000013562256,1.2626576713395748e-11,0.04699999999788429,0.04700000002924022
irrelevant,C,success_p95,5,0.041000000009080204,0.008215838364915538,0.03079868929630328,0.05120131072185713
irrelevant,C,scheduler_lag_p95,5,0.014333333350562399,1.5940917565382687e-11,0.014333333330769134,0.014333333370355663
irrelevant,C,recovery_seconds,0,,,,
irrelevant,C,retry_count,5,0.0,0.0,0.0,0.0
irrelevant,C,rejected_count,5,30.4,0.5477225575051661,29.71991261934174,31.080087380658256
irrelevant,C,circuit_open_seconds,5,1.009200000000419,0.00840832920428944,0.9987596803424076,1.0196403196584307
irrelevant,C,requests_during_outage,5,0.0,0.0,0.0,0.0
irrelevant,C,primary_calls,5,89.6,0.5477225575051661,88.91991261934174,90.28008738065824
irrelevant,C,estimated_cost_per_request,5,0.0007466666666666666,4.564354645876416e-06,0.0007409992718278478,0.0007523340615054855
irrelevant,D,success_rate,5,0.9416666666666667,0.015590239111558109,0.9223088280384567,0.9610245052948766
irrelevant,D,primary_success_rate,5,0.665,0.03555121501283587,0.6208573362261605,0.7091426637738396
irrelevant,D,fallback_usage_rate,5,0.33499999999999996,0.03555121501283592,0.29085733622616033,0.3791426637738396
irrelevant,D,fallback_success_rate,5,0.2766666666666667,0.025276251480171832,0.24528205519419272,0.30805127813914074
irrelevant,D,fallback_accuracy,5,0.8272534464475079,0.032956363228299264,0.7863327167152022,0.8681741761798135
irrelevant,D,fallback_macro_f1,5,0.8971104668751726,0.019786390590890546,0.8725424180240661,0.9216785157262791
irrelevant,D,fallback_precision,5,1.0,0.0,1.0,1.0
irrelevant,D,fallback_recall,5,0.8231196581196581,0.029628670815080305,0.7863308042539423,0.859908511985374
irrelevant,D,human_review_rate,5,0.058333333333333334,0.015590239111558088,0.03897549470512338,0.07769117196154329
irrelevant,D,p50,5,0.030999999988125006,3.878959614448864e-18,0.030999999988125002,0.03099999998812501
irrelevant,D,p95,5,0.041000000009080204,0.008215838364915538,0.03079868929630328,0.05120131072185713
irrelevant,D,p99,5,0.041000000009080204,0.008215838364915538,0.03079868929630328,0.05120131072185713
irrelevant,D,success_p95,5,0.041000000009080204,0.008215838364915538,0.03079868929630328,0.05120131072185713
irrelevant,D,scheduler_lag_p95,5,0.014533333348420403,0.0006497862966293183,0.013726517097369625,0.01534014959947118
irrelevant,D,recovery_seconds,0,,,,
irrelevant,D,retry_count,5,0.0,0.0,0.0,0.0
irrelevant,D,rejected_count,5,30.0,0.0,30.0,30.0
irrelevant,D,circuit_open_seconds,5,1.0059999999939464,0.008215838354288263,0.995798689294365,1.016201310693528
irrelevant,D,requests_during_outage,5,0.0,0.0,0.0,0.0
irrelevant,D,primary_calls,5,90.0,0.0,90.0,90.0
irrelevant,D,estimated_cost_per_request,5,0.00075,0.0,0.00075,0.00075
latency,A,success_rate,5,0.6516666666666666,0.0037267799624996364,0.6470392581580037,0.6562940751753296
latency,A,primary_success_rate,5,0.6516666666666666,0.0037267799624996364,0.6470392581580037,0.6562940751753296
latency,A,fallback_usage_rate,5,0.0,0.0,0.0,0.0
latency,A,fallback_success_rate,5,0.0,0.0,0.0,0.0
latency,A,fallback_accuracy,0,,,,
latency,A,fallback_macro_f1,0,,,,
latency,A,fallback_precision,0,,,,
latency,A,fallback_recall,0,,,,
latency,A,human_review_rate,5,0.0,0.0,0.0,0.0
latency,A,p50,5,0.031800000008661,0.0004472135907102997,0.031244710993568584,0.03235528902375341
latency,A,p95,5,0.31260999999882133,0.0005343219945725629,0.31194655161471213,0.31327344838293053
latency,A,p99,5,0.312999999994644,0.0,0.312999999994644,0.312999999994644
latency,A,success_p95,5,0.03800000000628621,0.008215838362258717,0.027798689296808163,0.04820131071576425
latency,A,scheduler_lag_p95,5,0.015303333349253979,0.0007110633631794376,0.014420431570752382,0.016186235127755577
latency,A,recovery_seconds,0,,,,
latency,A,retry_count,5,0.0,0.0,0.0,0.0
latency,A,rejected_count,5,0.0,0.0,0.0,0.0
latency,A,circuit_open_seconds,5,0.0,0.0,0.0,0.0
latency,A,requests_during_outage,5,0.0,0.0,0.0,0.0
latency,A,primary_calls,5,120.0,0.0,120.0,120.0
latency,A,estimated_cost_per_request,5,0.001,0.0,0.001,0.001
latency,B,success_rate,5,0.825,0.00833333333333336,0.8146528000149685,0.8353471999850314
latency,B,primary_success_rate,5,0.825,0.00833333333333336,0.8146528000149685,0.8353471999850314
latency,B,fallback_usage_rate,5,0.0,0.0,0.0,0.0
latency,B,fallback_success_rate,5,0.0,0.0,0.0,0.0
latency,B,fallback_accuracy,0,,,,
latency,B,fallback_macro_f1,0,,,,
latency,B,fallback_precision,0,,,,
latency,B,fallback_recall,0,,,,
latency,B,human_review_rate,5,0.0,0.0,0.0,0.0
latency,B,p50,5,0.032000000006519,0.0,0.032000000006519,0.032000000006519
latency,B,p95,5,1.0098599999980067,0.013764692146414627,0.9927688773134455,1.0269511226825678
latency,B,p99,5,1.0531120000008376,0.017174085702571312,1.0317875560818888,1.0744364439197864
latency,B,success_p95,5,0.7196299999937761,0.01162258577392186,0.7051986536722621,0.7340613463152901
latency,B,scheduler_lag_p95,5,0.0149333333464646,0.0011155467065050756,0.013548199162682465,0.016318467530246735
latency,B,recovery_seconds,0,,,,
latency,B,retry_count,5,73.0,2.1213203435596424,70.36603290074474,75.63396709925526
latency,B,rejected_count,5,0.0,0.0,0.0,0.0
latency,B,circuit_open_seconds,5,0.0,0.0,0.0,0.0
latency,B,requests_during_outage,5,0.0,0.0,0.0,0.0
latency,B,primary_calls,5,193.0,2.1213203435596424,190.36603290074476,195.63396709925524
latency,B,estimated_cost_per_request,5,0.0016083333333333336,1.767766952966376e-05,0.0015863836075062064,0.0016302830591604608
latency,C,success_rate,5,0.6283333333333333,0.0045643546458763685,0.6226659384945145,0.6340007281721521
latency,C,primary_success_rate,5,0.6283333333333333,0.0045643546458763685,0.6226659384945145,0.6340007281721521
latency,C,fallback_usage_rate,5,0.0,0.0,0.0,0.0
latency,C,fallback_success_rate,5,0.0,0.0,0.0,0.0
latency,C,fallback_accuracy,0,,,,
latency,C,fallback_macro_f1,0,,,,
latency,C,fallback_precision,0,,,,
latency,C,fallback_recall,0,,,,
latency,C,human_review_rate,5,0.0,0.0,0.0,0.0
latency,C,p50,5,0.030999999988125006,3.878959614448864e-18,0.030999999988125002,0.03099999998812501
latency,C,p95,5,0.30601000000548073,0.008224992400795201,0.2957973230559138,0.3162226769550477
latency,C,p99,5,0.31465999999962446,0.006096453889099793,0.3070902526888199,0.322229747310429
latency,C,success_p95,5,0.038000000000465405,0.008215838354288258,0.027798689300883993,0.048201310700046816
latency,C,scheduler_lag_p95,5,0.015150000014633022,0.0008341662556180905,0.014114245806515598,0.016185754222750447
latency,C,recovery_seconds,0,,,,
latency,C,retry_count,5,0.0,0.0,0.0,0.0
latency,C,rejected_count,5,30.6,0.5477225575051661,29.919912619341744,31.28008738065826
latency,C,circuit_open_seconds,5,1.0192000000039116,0.013386560427272409,1.0025783898615883,1.035821610146235
latency,C,requests_during_outage,5,0.0,0.0,0.0,0.0
latency,C,primary_calls,5,89.4,0.5477225575051661,88.71991261934176,90.08008738065826
latency,C,estimated_cost_per_request,5,0.000745,4.564354645876416e-06,0.0007393326051611811,0.0007506673948388189
latency,D,success_rate,5,0.9383333333333332,0.0045643546458763685,0.9326659384945144,0.9440007281721521
latency,D,primary_success_rate,5,0.6266666666666667,0.0037267799624996364,0.6220392581580038,0.6312940751753296
latency,D,fallback_usage_rate,5,0.37333333333333335,0.003726779962499661,0.36870592482467035,0.37796074184199635
latency,D,fallback_success_rate,5,0.31166666666666665,0.007453559924999294,0.30241184964934065,0.32092148368399265
latency,D,fallback_accuracy,5,0.8347474747474747,0.01335474253013204,0.818165371742529,0.8513295777524204
latency,D,fallback_macro_f1,5,0.9087912087912088,0.009098985426023528,0.8974933261675346,0.9200890914148829
latency,D,fallback_precision,5,1.0,0.0,1.0,1.0
latency,D,fallback_recall,5,0.8398412698412698,0.01409037525153782,0.822345758170254,0.8573367815122857
latency,D,human_review_rate,5,0.06166666666666667,0.004564354645876383,0.05599927182784786,0.06733406150548547
latency,D,p50,5,0.030999999988125006,3.878959614448864e-18,0.030999999988125002,0.03099999998812501
latency,D,p95,5,0.30299999999755517,0.008215838369697805,0.2927986892788403,0.31320131071627005
latency,D,p99,5,0.31202999999950354,0.0016671832473590575,0.3099599185828493,0.31410008141615775
latency,D,success_p95,5,0.3029999999969731,0.008215838370229179,0.2927986892775984,0.31320131071634777
latency,D,scheduler_lag_p95,5,0.0155333333516802,0.0004472135915779692,0.014978044335510433,0.01608862236784997
latency,D,recovery_seconds,0,,,,
latency,D,retry_count,5,0.0,0.0,0.0,0.0
latency,D,rejected_count,5,30.4,0.5477225575051661,29.71991261934174,31.080087380658256
latency,D,circuit_open_seconds,5,1.0155999999959022,0.01132695899450467,1.0015357228032955,1.029664277188509
latency,D,requests_during_outage,5,0.0,0.0,0.0,0.0
latency,D,primary_calls,5,89.6,0.5477225575051661,88.91991261934174,90.28008738065824
latency,D,estimated_cost_per_request,5,0.0007466666666666666,4.564354645876416e-06,0.0007409992718278478,0.0007523340615054855
malformed,A,success_rate,5,0.875,0.02124591463996995,0.848619712682639,0.901380287317361
malformed,A,primary_success_rate,5,0.875,0.02124591463996995,0.848619712682639,0.901380287317361
malformed,A,fallback_usage_rate,5,0.0,0.0,0.0,0.0
malformed,A,fallback_success_rate,5,0.0,0.0,0.0,0.0
malformed,A,fallback_accuracy,0,,,,
malformed,A,fallback_macro_f1,0,,,,
malformed,A,fallback_precision,0,,,,
malformed,A,fallback_recall,0,,,,
malformed,A,human_review_rate,5,0.0,0.0,0.0,0.0
malformed,A,p50,5,0.0310000000114082,1.3015704688985713e-11,0.03099999999524707,0.031000000027569332
malformed,A,p95,5,0.041000000009080204,0.008215838364915538,0.03079868929630328,0.05120131072185713
malformed,A,p99,5,0.041000000014901006,0.008215838370229179,0.03079868929552633,0.05120131073427568
malformed,A,success_p95,5,0.0409800000092944,0.00819768260195971,0.03080123265373965,0.05115876736484915
malformed,A,scheduler_lag_p95,5,0.014333333350562399,1.5940917565382687e-11,0.014333333330769134,0.014333333370355663
malformed,A,recovery_seconds,0,,,,
malformed,A,retry_count,5,0.0,0.0,0.0,0.0
malformed,A,rejected_count,5,0.0,0.0,0.0,0.0
malformed,A,circuit_open_seconds,5,0.0,0.0,0.0,0.0
malformed,A,requests_during_outage,5,0.0,0.0,0.0,0.0
malformed,A,primary_calls,5,120.0,0.0,120.0,120.0
malformed,A,estimated_cost_per_request,5,0.001,0.0,0.001,0.001
malformed,B,success_rate,5,0.875,0.02124591463996995,0.848619712682639,0.901380287317361
malformed,B,primary_success_rate,5,0.875,0.02124591463996995,0.848619712682639,0.901380287317361
malformed,B,fallback_usage_rate,5,0.0,0.0,0.0,0.0
malformed,B,fallback_success_rate,5,0.0,0.0,0.0,0.0
malformed,B,fallback_accuracy,0,,,,
malformed,B,fallback_macro_f1,0,,,,
malformed,B,fallback_precision,0,,,,
malformed,B,fallback_recall,0,,,,
malformed,B,human_review_rate,5,0.0,0.0,0.0,0.0
malformed,B,p50,5,0.031000000017229003,0.0,0.031000000017229003,0.031000000017229003
malformed,B,p95,5,0.0409999999974386,0.008215838354288258,0.030798689297857187,0.05120131069702001
malformed,B,p99,5,0.04399999999912665,0.006708203928366919,0.035670664688664366,0.05232933530958893
malformed,B,success_p95,5,0.040549999997892605,0.007858912130528712,0.030791871740368244,0.050308128255416966
malformed,B,scheduler_lag_p95,5,0.014666666675280802,0.0007453559960138367,0.01374118496918511,0.015592148381376493
malformed,B,recovery_seconds,0,,,,
malformed,B,retry_count,5,0.0,0.0,0.0,0.0
malformed,B,rejected_count,5,0.0,0.0,0.0,0.0
malformed,B,circuit_open_seconds,5,0.0,0.0,0.0,0.0
malformed,B,requests_during_outage,5,0.0,0.0,0.0,0.0
malformed,B,primary_calls,5,120.0,0.0,120.0,120.0
malformed,B,estimated_cost_per_request,5,0.001,0.0,0.001,0.001
malformed,C,success_rate,5,0.6683333333333332,0.0345607355888795,0.6254205122011819,0.7112461544654846
malformed,C,primary_success_rate,5,0.6683333333333332,0.0345607355888795,0.6254205122011819,0.7112461544654846
malformed,C,fallback_usage_rate,5,0.0,0.0,0.0,0.0
malformed,C,fallback_success_rate,5,0.0,0.0,0.0,0.0
malformed,C,fallback_accuracy,0,,,,
malformed,C,fallback_macro_f1,0,,,,
malformed,C,fallback_precision,0,,,,
malformed,C,fallback_recall,0,,,,
malformed,C,human_review_rate,5,0.0,0.0,0.0,0.0
malformed,C,p50,5,0.030999999988125006,3.878959614448864e-18,0.030999999988125002,0.03099999998812501
malformed,C,p95,5,0.038000000006577245,0.00821583836265724,0.027798689296604367,0.04820131071655012
malformed,C,p99,5,0.038000000012107,0.008215838370229179,0.027798689292732326,0.04820131073148168
malformed,C,success_p95,5,0.038000000012107,0.008215838370229179,0.027798689292732326,0.04820131073148168
malformed,C,scheduler_lag_p95,5,0.01407333335183367,0.0003714835265339832,0.01361207563101065,0.014534591072656691
malformed,C,recovery_seconds,0,,,,
malformed,C,retry_count,5,0.0,0.0,0.0,0.0
malformed,C,rejected_count,5,30.0,0.0,30.0,30.0
malformed,C,circuit_open_seconds,5,1.009200000000419,0.008408329203424113,0.9987596803434821,1.0196403196573562
malformed,C,requests_during_outage,5,0.0,0.0,0.0,0.0
malformed,C,primary_calls,5,90.0,0.0,90.0,90.0
malformed,C,estimated_cost_per_request,5,0.00075,0.0,0.00075,0.00075
malformed,D,success_rate,5,0.9416666666666667,0.015590239111558109,0.9223088280384567,0.9610245052948766
malformed,D,primary_success_rate,5,0.6683333333333332,0.03248931448269652,0.6279925212138487,0.7086741454528177
malformed,D,fallback_usage_rate,5,0.33166666666666667,0.03248931448269655,0.29132585454718213,0.3720074787861512
malformed,D,fallback_success_rate,5,0.2733333333333334,0.0223606797749979,0.24556888228135537,0.3010977843853114
malformed,D,fallback_accuracy,5,0.8255555555555555,0.033929847743561045,0.7834260851478404,0.8676850259632706
malformed,D,fallback_macro_f1,5,0.8971104668751726,0.019786390590890546,0.8725424180240661,0.9216785157262791
malformed,D,fallback_precision,5,1.0,0.0,1.0,1.0
malformed,D,fallback_recall,5,0.8231196581196581,0.029628670815080305,0.7863308042539423,0.859908511985374
malformed,D,human_review_rate,5,0.058333333333333334,0.015590239111558088,0.03897549470512338,0.07769117196154329
malformed,D,p50,5,0.030999999988125006,3.878959614448864e-18,0.030999999988125002,0.03099999998812501
malformed,D,p95,5,0.0350000000034922,0.0067082039257312384,0.02667066469630255,0.04332933531068185
malformed,D,p99,5,0.04096200000727528,0.008181516974890467,0.0308033049288608,0.05112069508568977
malformed,D,success_p95,5,0.0350000000034922,0.0067082039257312384,0.02667066469630255,0.04332933531068185
malformed,D,scheduler_lag_p95,5,0.014333333356383201,0.0004714045184860995,0.01374800733718843,0.014918659375577972
malformed,D,recovery_seconds,0,,,,
malformed,D,retry_count,5,0.0,0.0,0.0,0.0
malformed,D,rejected_count,5,30.0,0.0,30.0,30.0
malformed,D,circuit_open_seconds,5,1.0030000000027939,0.006708203938746871,0.9946706646794432,1.0113293353261446
malformed,D,requests_during_outage,5,0.0,0.0,0.0,0.0
malformed,D,primary_calls,5,90.0,0.0,90.0,90.0
malformed,D,estimated_cost_per_request,5,0.00075,0.0,0.00075,0.00075
normal,A,success_rate,5,1.0,0.0,1.0,1.0
normal,A,primary_success_rate,5,1.0,0.0,1.0,1.0
normal,A,fallback_usage_rate,5,0.0,0.0,0.0,0.0
normal,A,fallback_success_rate,5,0.0,0.0,0.0,0.0
normal,A,fallback_accuracy,0,,,,
normal,A,fallback_macro_f1,0,,,,
normal,A,fallback_precision,0,,,,
normal,A,fallback_recall,0,,,,
normal,A,human_review_rate,5,0.0,0.0,0.0,0.0
normal,A,p50,5,0.031000000008497803,1.3015704495037547e-11,0.03099999999233667,0.031000000024658934
normal,A,p95,5,0.04414000000018835,0.006395154412234138,0.03619936700356325,0.052080632996813446
normal,A,p99,5,0.04700000000302661,1.5940919465677116e-11,0.04699999998323334,0.04700000002281987
normal,A,success_p95,5,0.04414000000018835,0.006395154412234138,0.03619936700356325,0.052080632996813446
normal,A,scheduler_lag_p95,5,0.014533333354241201,0.00044721359396422683,0.013978044335108504,0.015088622373373899
normal,A,recovery_seconds,0,,,,
normal,A,retry_count,5,0.0,0.0,0.0,0.0
normal,A,rejected_count,5,0.0,0.0,0.0,0.0
normal,A,circuit_open_seconds,5,0.0,0.0,0.0,0.0
normal,A,requests_during_outage,5,0.0,0.0,0.0,0.0
normal,A,primary_calls,5,120.0,0.0,120.0,120.0
normal,A,estimated_cost_per_request,5,0.001,0.0,0.001,0.001
normal,B,success_rate,5,1.0,0.0,1.0,1.0
normal,B,primary_success_rate,5,1.0,0.0,1.0,1.0
normal,B,fallback_usage_rate,5,0.0,0.0,0.0,0.0
normal,B,fallback_success_rate,5,0.0,0.0,0.0,0.0
normal,B,fallback_accuracy,0,,,,
normal,B,fallback_macro_f1,0,,,,
normal,B,fallback_precision,0,,,,
normal,B,fallback_recall,0,,,,
normal,B,human_review_rate,5,0.0,0.0,0.0,0.0
normal,B,p50,5,0.0310000000114082,1.3015704688985713e-11,0.03099999999524707,0.031000000027569332
normal,B,p95,5,0.04100000000325941,0.008215838359601898,0.03079868929708024,0.05120131070943858
normal,B,p99,5,0.047000000007741446,1.5101023681353156e-11,0.04699999998899105,0.047000000026491844
normal,B,success_p95,5,0.04100000000325941,0.008215838359601898,0.03079868929708024,0.05120131070943858
normal,B,scheduler_lag_p95,5,0.014080000018467742,0.0005664705612919694,0.013376633916469224,0.01478336612046626
normal,B,recovery_seconds,0,,,,
normal,B,retry_count,5,0.0,0.0,0.0,0.0
normal,B,rejected_count,5,0.0,0.0,0.0,0.0
normal,B,circuit_open_seconds,5,0.0,0.0,0.0,0.0
normal,B,requests_during_outage,5,0.0,0.0,0.0,0.0
normal,B,primary_calls,5,120.0,0.0,120.0,120.0
normal,B,estimated_cost_per_request,5,0.001,0.0,0.001,0.001
normal,C,success_rate,5,1.0,0.0,1.0,1.0
normal,C,primary_success_rate,5,1.0,0.0,1.0,1.0
normal,C,fallback_usage_rate,5,0.0,0.0,0.0,0.0
normal,C,fallback_success_rate,5,0.0,0.0,0.0,0.0
normal,C,fallback_accuracy,0,,,,
normal,C,fallback_macro_f1,0,,,,
normal,C,fallback_precision,0,,,,
normal,C,fallback_recall,0,,,,
normal,C,human_review_rate,5,0.0,0.0,0.0,0.0
normal,C,p50,5,0.031000000005587402,1.5940917565382474e-11,0.030999999985794138,0.031000000025380666
normal,C,p95,5,0.04114000000321515,0.008027951167837315,0.031171982058773674,0.05110801794765663
normal,C,p99,5,0.044000000006053405,0.006708203932239092,0.035670664690783185,0.052329335321323625
normal,C,success_p95,5,0.04114000000321515,0.008027951167837315,0.031171982058773674,0.05110801794765663
normal,C,scheduler_lag_p95,5,0.014540000009524708,0.00044372163916781286,0.013989046824946073,0.015090953194103343
normal,C,recovery_seconds,0,,,,
normal,C,retry_count,5,0.0,0.0,0.0,0.0
normal,C,rejected_count,5,0.0,0.0,0.0,0.0
normal,C,circuit_open_seconds,5,0.0,0.0,0.0,0.0
normal,C,requests_during_outage,5,0.0,0.0,0.0,0.0
normal,C,primary_calls,5,120.0,0.0,120.0,120.0
normal,C,estimated_cost_per_request,5,0.001,0.0,0.001,0.001
normal,D,success_rate,5,1.0,0.0,1.0,1.0
normal,D,primary_success_rate,5,1.0,0.0,1.0,1.0
normal,D,fallback_usage_rate,5,0.0,0.0,0.0,0.0
normal,D,fallback_success_rate,5,0.0,0.0,0.0,0.0
normal,D,fallback_accuracy,0,,,,
normal,D,fallback_macro_f1,0,,,,
normal,D,fallback_precision,0,,,,
normal,D,fallback_recall,0,,,,
normal,D,human_review_rate,5,0.0,0.0,0.0,0.0
normal,D,p50,5,0.0310000000114082,1.3015704688985713e-11,0.03099999999524707,0.031000000027569332
normal,D,p95,5,0.0411499999975783,0.008014829996614646,0.031198274139058277,0.05110172585609832
normal,D,p99,5,0.044000000006053405,0.006708203932239093,0.035670664690783185,0.052329335321323625
normal,D,success_p95,5,0.0411499999975783,0.008014829996614646,0.031198274139058277,0.05110172585609832
normal,D,scheduler_lag_p95,5,0.014266666671416,0.0006831300568127566,0.013418448673780706,0.015114884669051294
normal,D,recovery_seconds,0,,,,
normal,D,retry_count,5,0.0,0.0,0.0,0.0
normal,D,rejected_count,5,0.0,0.0,0.0,0.0
normal,D,circuit_open_seconds,5,0.0,0.0,0.0,0.0
normal,D,requests_during_outage,5,0.0,0.0,0.0,0.0
normal,D,primary_calls,5,120.0,0.0,120.0,120.0
normal,D,estimated_cost_per_request,5,0.001,0.0,0.001,0.001
outage,A,success_rate,5,0.6483333333333333,0.009128709291752737,0.6369985436556957,0.6596681230109709
outage,A,primary_success_rate,5,0.6483333333333333,0.009128709291752737,0.6369985436556957,0.6596681230109709
outage,A,fallback_usage_rate,5,0.0,0.0,0.0,0.0
outage,A,fallback_success_rate,5,0.0,0.0,0.0,0.0
outage,A,fallback_accuracy,0,,,,
outage,A,fallback_macro_f1,0,,,,
outage,A,fallback_precision,0,,,,
outage,A,fallback_recall,0,,,,
outage,A,human_review_rate,5,0.0,0.0,0.0,0.0
outage,A,p50,5,0.0310000000114082,1.3015704688985713e-11,0.03099999999524707,0.031000000027569332
outage,A,p95,5,0.040999999997438606,0.00821583835428826,0.030798689297857194,0.05120131069702002
outage,A,p99,5,0.041000000009080204,0.008215838364915538,0.03079868929630328,0.05120131072185713
outage,A,success_p95,5,0.04099999999802069,0.008215838354819623,0.0307986892977795,0.05120131069826188
outage,A,scheduler_lag_p95,5,0.01441666668226597,0.0007406828578410097,0.01349698744359811,0.015336345920933829
outage,A,recovery_seconds,5,0.05000000001164136,0.011313708501289665,0.03595217547941809,0.06404782454386462
outage,A,retry_count,5,0.0,0.0,0.0,0.0
outage,A,rejected_count,5,0.0,0.0,0.0,0.0
outage,A,circuit_open_seconds,5,0.0,0.0,0.0,0.0
outage,A,requests_during_outage,5,42.2,1.0954451150103321,40.83982523868349,43.56017476131652
outage,A,primary_calls,5,120.0,0.0,120.0,120.0
outage,A,estimated_cost_per_request,5,0.001,0.0,0.001,0.001
outage,B,success_rate,5,0.6833333333333333,0.005892556509887875,0.6760167580576243,0.6906499086090424
outage,B,primary_success_rate,5,0.6833333333333333,0.005892556509887875,0.6760167580576243,0.6906499086090424
outage,B,fallback_usage_rate,5,0.0,0.0,0.0,0.0
outage,B,fallback_success_rate,5,0.0,0.0,0.0,0.0
outage,B,fallback_accuracy,0,,,,
outage,B,fallback_macro_f1,0,,,,
outage,B,fallback_precision,0,,,,
outage,B,fallback_recall,0,,,,
outage,B,human_review_rate,5,0.0,0.0,0.0,0.0
outage,B,p50,5,0.032000000006519,0.0,0.032000000006519,0.032000000006519
outage,B,p95,5,0.22196000000549204,0.006757532830305153,0.21356941477342212,0.23035058523756197
outage,B,p99,5,0.24942999999946913,0.0012745587483619,0.2478474262880325,0.25101257371090574
outage,B,success_p95,5,0.06171999999729414,0.031721376851730744,0.022332708387045742,0.10110729160754253
outage,B,scheduler_lag_p95,5,0.01408000002457958,0.000585282467425127,0.013353275855997932,0.014806724193161229
outage,B,recovery_seconds,5,0.0468000000168101,0.01279453008354327,0.030913492638139396,0.06268650739548082
outage,B,retry_count,5,82.4,1.51657508881031,80.51692331165157,84.28307668834844
outage,B,rejected_count,5,0.0,0.0,0.0,0.0
outage,B,circuit_open_seconds,5,0.0,0.0,0.0,0.0
outage,B,requests_during_outage,5,120.4,1.3416407864998738,118.73413293688132,122.06586706311869
outage,B,primary_calls,5,202.4,1.51657508881031,200.51692331165157,204.28307668834844
outage,B,estimated_cost_per_request,5,0.0016866666666666668,1.2638125740085956e-05,0.0016709743609304298,0.0017023589724029038
outage,C,success_rate,5,0.4416666666666666,6.206335383118183e-17,0.44166666666666654,0.44166666666666665
outage,C,primary_success_rate,5,0.4416666666666666,6.206335383118183e-17,0.44166666666666654,0.44166666666666665
outage,C,fallback_usage_rate,5,0.0,0.0,0.0,0.0
outage,C,fallback_success_rate,5,0.0,0.0,0.0,0.0
outage,C,fallback_accuracy,0,,,,
outage,C,fallback_macro_f1,0,,,,
outage,C,fallback_precision,0,,,,
outage,C,fallback_recall,0,,,,
outage,C,human_review_rate,5,0.0,0.0,0.0,0.0
outage,C,p50,5,0.012299999993410702,0.004381780460933843,0.006859300947036443,0.01774069903978496
outage,C,p95,5,0.03800000000075644,0.008215838354686781,0.027798689300680197,0.04820131070083269
outage,C,p99,5,0.0380000000062862,0.00821583836225872,0.027798689296808156,0.048201310715764244
outage,C,success_p95,5,0.0380000000062862,0.00821583836225872,0.027798689296808156,0.048201310715764244
outage,C,scheduler_lag_p95,5,0.01474000001320351,0.0005418076783419581,0.014067256925055935,0.015412743101351087
outage,C,recovery_seconds,5,0.8532000000181142,0.026090228056346153,0.8208047031356234,0.8855952969006051
outage,C,retry_count,5,0.0,0.0,0.0,0.0
outage,C,rejected_count,5,60.0,0.0,60.0,60.0
outage,C,circuit_open_seconds,5,2.009200000000419,0.00840832920428944,1.9987596803424075,2.0196403196584307
outage,C,requests_during_outage,5,7.0,0.0,7.0,7.0
outage,C,primary_calls,5,60.0,0.0,60.0,60.0
outage,C,estimated_cost_per_request,5,0.0005,0.0,0.0005,0.0005
outage,D,success_rate,5,0.9083333333333334,1.2412670766236366e-16,0.9083333333333333,0.9083333333333335
outage,D,primary_success_rate,5,0.4416666666666666,6.206335383118183e-17,0.44166666666666654,0.44166666666666665
outage,D,fallback_usage_rate,5,0.5583333333333333,0.0,0.5583333333333333,0.5583333333333333
outage,D,fallback_success_rate,5,0.4666666666666667,0.0,0.4666666666666667,0.4666666666666667
outage,D,fallback_accuracy,5,0.835820895522388,0.0,0.835820895522388,0.835820895522388
outage,D,fallback_macro_f1,5,0.9073359073359073,1.2412670766236366e-16,0.9073359073359072,0.9073359073359074
outage,D,fallback_precision,5,1.0,0.0,1.0,1.0
outage,D,fallback_recall,5,0.8373015873015873,0.0,0.8373015873015873,0.8373015873015873
outage,D,human_review_rate,5,0.09166666666666666,0.0,0.09166666666666666,0.09166666666666666
outage,D,p50,5,0.013999999992665501,0.0033541019693734716,0.009835332330990109,0.018164667654340893
outage,D,p95,5,0.03796000000234896,0.007831937813434456,0.02823536478323667,0.047684635221461255
outage,D,p99,5,0.04100000000325941,0.008215838359601898,0.03079868929708024,0.05120131070943858
outage,D,success_p95,5,0.0378000000026074,0.007949842760221438,0.027928966455859582,0.047671033549355216
outage,D,scheduler_lag_p95,5,0.014423333343370282,0.0005702825864598324,0.013715233986960581,0.015131432699779982
outage,D,recovery_seconds,5,0.8374000000185333,0.007861297598213848,0.8276389098116654,0.8471610902254012
outage,D,retry_count,5,0.0,0.0,0.0,0.0
outage,D,rejected_count,5,60.0,0.0,60.0,60.0
outage,D,circuit_open_seconds,5,2.0060000000055878,0.008215838370229088,1.9957986892862132,2.0162013107249623
outage,D,requests_during_outage,5,7.0,0.0,7.0,7.0
outage,D,primary_calls,5,60.0,0.0,60.0,60.0
outage,D,estimated_cost_per_request,5,0.0005,0.0,0.0005,0.0005
rate_limit,A,success_rate,5,0.8800000000000001,0.01918477405536892,0.8561789567417748,0.9038210432582254
rate_limit,A,primary_success_rate,5,0.8800000000000001,0.01918477405536892,0.8561789567417748,0.9038210432582254
rate_limit,A,fallback_usage_rate,5,0.0,0.0,0.0,0.0
rate_limit,A,fallback_success_rate,5,0.0,0.0,0.0,0.0
rate_limit,A,fallback_accuracy,0,,,,
rate_limit,A,fallback_macro_f1,0,,,,
rate_limit,A,fallback_precision,0,,,,
rate_limit,A,fallback_recall,0,,,,
rate_limit,A,human_review_rate,5,0.0,0.0,0.0,0.0
rate_limit,A,p50,5,0.0310000000143186,6.507851568701015e-12,0.031000000006238038,0.031000000022399166
rate_limit,A,p95,5,0.04080999999976455,0.008051738936269016,0.030812445639663823,0.050807554359865274
rate_limit,A,p99,5,0.04396200001117523,0.006687467385667682,0.035658412519229805,0.05226558750312065
rate_limit,A,success_p95,5,0.038000000000465405,0.008215838354288258,0.027798689300883993,0.048201310700046816
rate_limit,A,scheduler_lag_p95,5,0.0142000000120602,0.0002981423857804269,0.013829807345298064,0.014570192678822334
rate_limit,A,recovery_seconds,0,,,,
rate_limit,A,retry_count,5,0.0,0.0,0.0,0.0
rate_limit,A,rejected_count,5,0.0,0.0,0.0,0.0
rate_limit,A,circuit_open_seconds,5,0.0,0.0,0.0,0.0
rate_limit,A,requests_during_outage,5,0.0,0.0,0.0,0.0
rate_limit,A,primary_calls,5,120.0,0.0,120.0,120.0
rate_limit,A,estimated_cost_per_request,5,0.001,0.0,0.001,0.001
rate_limit,B,success_rate,5,1.0,0.0,1.0,1.0
rate_limit,B,primary_success_rate,5,1.0,0.0,1.0,1.0
rate_limit,B,fallback_usage_rate,5,0.0,0.0,0.0,0.0
rate_limit,B,fallback_success_rate,5,0.0,0.0,0.0,0.0
rate_limit,B,fallback_accuracy,0,,,,
rate_limit,B,fallback_macro_f1,0,,,,
rate_limit,B,fallback_precision,0,,,,
rate_limit,B,fallback_recall,0,,,,
rate_limit,B,human_review_rate,5,0.0,0.0,0.0,0.0
rate_limit,B,p50,5,0.031000000017229003,0.0,0.031000000017229003,0.031000000017229003
rate_limit,B,p95,5,1.0660099999973316,0.006730564618282103,1.0576529002232267,1.0743670997714365
rate_limit,B,p99,5,1.652762000004703,0.5305259590452268,0.994027016545719,2.311496983463687
rate_limit,B,success_p95,5,1.0660099999973316,0.006730564618282103,1.0576529002232267,1.0743670997714365
rate_limit,B,scheduler_lag_p95,5,0.014823333352764829,0.0008476765665687306,0.013770803877935457,0.0158758628275942
rate_limit,B,recovery_seconds,0,,,,
rate_limit,B,retry_count,5,16.6,1.9493588689617927,14.17955127283093,19.02044872716907
rate_limit,B,rejected_count,5,0.0,0.0,0.0,0.0
rate_limit,B,circuit_open_seconds,5,0.0,0.0,0.0,0.0
rate_limit,B,requests_during_outage,5,0.0,0.0,0.0,0.0
rate_limit,B,primary_calls,5,136.6,1.9493588689617924,134.17955127283093,139.02044872716905
rate_limit,B,estimated_cost_per_request,5,0.0011383333333333334,1.624465724134827e-05,0.0011181629272735913,0.0011585037393930756
rate_limit,C,success_rate,5,0.61,0.10759362847719603,0.4764048650837541,0.7435951349162458
rate_limit,C,primary_success_rate,5,0.61,0.10759362847719603,0.4764048650837541,0.7435951349162458
rate_limit,C,fallback_usage_rate,5,0.0,0.0,0.0,0.0
rate_limit,C,fallback_success_rate,5,0.0,0.0,0.0,0.0
rate_limit,C,fallback_accuracy,0,,,,
rate_limit,C,fallback_macro_f1,0,,,,
rate_limit,C,fallback_precision,0,,,,
rate_limit,C,fallback_recall,0,,,,
rate_limit,C,human_review_rate,5,0.0,0.0,0.0,0.0
rate_limit,C,p50,5,0.0247999999905,0.013863621455188034,0.0075860403448677095,0.04201395963613229
rate_limit,C,p95,5,0.03800000000628621,0.008215838362258717,0.027798689296808163,0.04820131071576425
rate_limit,C,p99,5,0.04396200000646038,0.006687467383157784,0.03565841251763141,0.05226558749528935
rate_limit,C,success_p95,5,0.036700000008567914,0.00643816744670588,0.02870595927558576,0.04469404074155007
rate_limit,C,scheduler_lag_p95,5,0.014539999997592071,0.0008674355496734755,0.013462936504800422,0.01561706349038372
rate_limit,C,recovery_seconds,0,,,,
rate_limit,C,retry_count,5,0.0,0.0,0.0,0.0
rate_limit,C,rejected_count,5,36.4,14.310835055998657,18.630751326734085,54.16924867326591
rate_limit,C,circuit_open_seconds,5,1.2091999999945984,0.45944607951511085,0.6387223439448203,1.7796776560443766
rate_limit,C,requests_during_outage,5,0.0,0.0,0.0,0.0
rate_limit,C,primary_calls,5,83.6,14.310835055998652,65.83075132673409,101.3692486732659
rate_limit,C,estimated_cost_per_request,5,0.0006966666666666666,0.0001192569587999888,0.0005485895943894507,0.0008447437389438826
rate_limit,D,success_rate,5,0.9400000000000001,0.014907119849998622,0.9214903659653481,0.9585096340346521
rate_limit,D,primary_success_rate,5,0.665,0.03555121501283587,0.6208573362261605,0.7091426637738396
rate_limit,D,fallback_usage_rate,5,0.33499999999999996,0.03555121501283592,0.29085733622616033,0.3791426637738396
rate_limit,D,fallback_success_rate,5,0.275,0.024295632895188747,0.24483298732046901,0.30516701267953106
rate_limit,D,fallback_accuracy,5,0.8223753976670201,0.029716752554671384,0.7854771758763548,0.8592736194576853
rate_limit,D,fallback_macro_f1,5,0.8942349205213654,0.017371449885536048,0.8726654166018943,0.9158044244408365
rate_limit,D,fallback_precision,5,1.0,0.0,1.0,1.0
rate_limit,D,fallback_recall,5,0.8186874236874238,0.026042881992957363,0.7863509147072995,0.851023932667548
rate_limit,D,human_review_rate,5,0.06,0.014907119849998596,0.04149036596534801,0.07850963403465198
rate_limit,D,p50,5,0.030999999988125006,3.878959614448864e-18,0.030999999988125002,0.03099999998812501
rate_limit,D,p95,5,0.037810000008321104,0.007962757062962492,0.027922931236797816,0.04769706877984439
rate_limit,D,p99,5,0.043962000011175235,0.006687467385667682,0.03565841251922981,0.05226558750312066
rate_limit,D,success_p95,5,0.0378800000075714,0.008054315615035652,0.0278792462782112,0.0478807537369316
rate_limit,D,scheduler_lag_p95,5,0.014533333348420403,0.0006497862966293183,0.013726517097369625,0.01534014959947118
rate_limit,D,recovery_seconds,0,,,,
rate_limit,D,retry_count,5,0.0,0.0,0.0,0.0
rate_limit,D,rejected_count,5,30.0,0.0,30.0,30.0
rate_limit,D,circuit_open_seconds,5,1.0063999999954831,0.00876356091389762,0.9955186019126308,1.0172813980783355
rate_limit,D,requests_during_outage,5,0.0,0.0,0.0,0.0
rate_limit,D,primary_calls,5,90.0,0.0,90.0,90.0
rate_limit,D,estimated_cost_per_request,5,0.00075,0.0,0.00075,0.00075
